record_id,project_id,category,amount_kpy,status,accrual_month,payment_due_month,input_timestamp,confirmed_timestamp,vendor_name
CST-00001,PRJ-0139,材料費,65388,確定請求,2024-05,2024-06,2024-05-16T00:00:00,2024-05-17T00:00:00,資材メーカーB
CST-00002,PRJ-0125,外注費,62064,確定請求,2023-08,2023-09,2023-08-12T00:00:00,2023-08-16T00:00:00,協力業者L社
CST-00003,PRJ-0113,材料費,101680,確定請求,2024-12,2025-01,2024-12-04T00:00:00,2024-12-06T00:00:00,協力業者A社
CST-00004,PRJ-0199,材料費,33604,現場見込み,2025-02,2025-03,2025-02-19T00:00:00,,協力業者E社
CST-00005,PRJ-0106,外注費,19597,確定請求,2027-05,2027-06,2027-05-20T00:00:00,2027-05-23T00:00:00,協力業者D社
CST-00006,PRJ-0143,労務費,26607,確定請求,2024-11,2024-12,2024-11-13T00:00:00,2024-11-17T00:00:00,資材メーカーE
CST-00007,PRJ-0082,経費,17944,現場見込み,2025-12,2026-01,2025-12-23T00:00:00,,協力業者D社
CST-00008,PRJ-0160,材料費,5079,確定請求,2026-10,2026-11,2026-10-11T00:00:00,2026-10-11T00:00:00,協力業者H社
CST-00009,PRJ-0097,労務費,35953,確定請求,2025-06,2025-07,2025-07-06T00:00:00,2025-07-08T00:00:00,資材メーカーF
CST-00010,PRJ-0154,労務費,13940,現場見込み,2024-02,2024-03,2024-02-21T00:00:00,,資材メーカーA
CST-00011,PRJ-0108,外注費,66931,確定請求,2023-06,2023-07,2023-07-05T00:00:00,2023-07-08T00:00:00,協力業者P社
CST-00012,PRJ-0024,外注費,148277,現場見込み,2025-04,2025-05,2025-04-11T00:00:00,,協力業者P社
CST-00013,PRJ-0044,労務費,6919,確定請求,2024-05,2024-06,2024-05-24T00:00:00,2024-05-26T00:00:00,資材メーカーI
CST-00014,PRJ-0180,材料費,10229,現場見込み,2026-01,2026-02,2026-01-14T00:00:00,,協力業者C社
CST-00015,PRJ-0178,労務費,98174,口頭発注,2026-07,2026-08,2026-07-27T00:00:00,,協力業者T社
CST-00016,PRJ-0068,材料費,80663,確定請求,2025-10,2025-11,2025-10-12T00:00:00,2025-10-15T00:00:00,資材メーカーC
CST-00017,PRJ-0155,労務費,43803,確定請求,2025-04,2025-05,2025-04-10T00:00:00,2025-04-13T00:00:00,協力業者Q社
CST-00018,PRJ-0160,外注費,4462,口頭発注,2026-10,2026-11,2026-10-10T00:00:00,,協力業者T社
CST-00019,PRJ-0105,外注費,29305,確定請求,2024-01,2024-02,2024-01-22T00:00:00,2024-01-27T00:00:00,資材メーカーF
CST-00020,PRJ-0138,外注費,37755,確定請求,2025-04,2025-05,2025-04-21T00:00:00,2025-04-26T00:00:00,資材メーカーI
CST-00021,PRJ-0175,経費,72760,確定請求,2025-01,2025-02,2025-01-21T00:00:00,2025-01-22T00:00:00,協力業者N社
CST-00022,PRJ-0085,外注費,10741,確定請求,2024-03,2024-04,2024-04-05T00:00:00,2024-04-08T00:00:00,協力業者K社
CST-00023,PRJ-0179,外注費,42907,現場見込み,2026-01,2026-02,2026-01-23T00:00:00,,資材メーカーD
CST-00024,PRJ-0029,外注費,4568,確定請求,2024-08,2024-09,2024-08-08T00:00:00,2024-08-13T00:00:00,協力業者N社
CST-00025,PRJ-0131,経費,3681,現場見込み,2026-04,2026-05,2026-04-26T00:00:00,,協力業者L社
CST-00026,PRJ-0165,外注費,33381,確定請求,2024-08,2024-09,2024-08-21T00:00:00,2024-08-21T00:00:00,資材メーカーJ
CST-00027,PRJ-0167,経費,7159,確定請求,2025-10,2025-11,2025-10-30T00:00:00,2025-10-30T00:00:00,資材メーカーG
CST-00028,PRJ-0195,経費,6382,口頭発注,2027-01,2027-02,2027-01-09T00:00:00,,協力業者D社
CST-00029,PRJ-0053,材料費,95248,確定請求,2024-05,2024-06,2024-05-10T00:00:00,2024-05-14T00:00:00,協力業者R社
CST-00030,PRJ-0008,外注費,18647,現場見込み,2024-05,2024-06,2024-05-24T00:00:00,,資材メーカーB
CST-00031,PRJ-0124,経費,52790,確定請求,2024-09,2024-10,2024-09-12T00:00:00,2024-09-17T00:00:00,協力業者L社
CST-00032,PRJ-0047,外注費,20101,確定請求,2023-06,2023-07,2023-06-14T00:00:00,2023-06-16T00:00:00,協力業者J社
CST-00033,PRJ-0113,外注費,87300,確定請求,2024-12,2025-01,2024-12-26T00:00:00,2024-12-30T00:00:00,協力業者D社
CST-00034,PRJ-0084,労務費,27291,確定請求,2025-01,2025-02,2025-01-09T00:00:00,2025-01-10T00:00:00,協力業者E社
CST-00035,PRJ-0173,経費,14522,確定請求,2024-01,2024-02,2024-01-15T00:00:00,2024-01-17T00:00:00,協力業者L社
CST-00036,PRJ-0063,材料費,85895,確定請求,2024-06,2024-07,2024-06-10T00:00:00,2024-06-14T00:00:00,資材メーカーE
CST-00037,PRJ-0094,材料費,1615,現場見込み,2024-01,2024-02,2024-01-27T00:00:00,,資材メーカーF
CST-00038,PRJ-0114,外注費,20558,現場見込み,2026-01,2026-02,2026-01-25T00:00:00,,資材メーカーE
CST-00039,PRJ-0078,労務費,31453,現場見込み,2025-10,2025-11,2025-11-09T00:00:00,,資材メーカーB
CST-00040,PRJ-0029,経費,9418,確定請求,2023-10,2023-11,2023-10-18T00:00:00,2023-10-18T00:00:00,協力業者T社
CST-00041,PRJ-0117,外注費,81170,確定請求,2024-01,2024-02,2024-01-09T00:00:00,2024-01-11T00:00:00,協力業者I社
CST-00042,PRJ-0054,外注費,25254,現場見込み,2025-01,2025-02,2025-01-13T00:00:00,,協力業者A社
CST-00043,PRJ-0012,材料費,38557,確定請求,2025-07,2025-08,2025-08-03T00:00:00,2025-08-08T00:00:00,協力業者E社
CST-00044,PRJ-0092,労務費,70186,現場見込み,2024-03,2024-04,2024-03-28T00:00:00,,協力業者C社
CST-00045,PRJ-0095,材料費,49809,確定請求,2026-02,2026-03,2026-02-03T00:00:00,2026-02-08T00:00:00,協力業者A社
CST-00046,PRJ-0005,外注費,66395,口頭発注,2025-09,2025-10,2025-09-15T00:00:00,,協力業者G社
CST-00047,PRJ-0076,外注費,43090,現場見込み,2025-04,2025-05,2025-04-21T00:00:00,,協力業者O社
CST-00048,PRJ-0130,外注費,25275,現場見込み,2024-06,2024-07,2024-07-01T00:00:00,,協力業者L社
CST-00049,PRJ-0029,経費,9027,確定請求,2024-08,2024-09,2024-08-24T00:00:00,2024-08-28T00:00:00,資材メーカーE
CST-00050,PRJ-0085,材料費,10121,確定請求,2023-10,2023-11,2023-10-13T00:00:00,2023-10-14T00:00:00,資材メーカーI
CST-00051,PRJ-0053,外注費,119550,現場見込み,2024-06,2024-07,2024-06-16T00:00:00,,資材メーカーE
CST-00052,PRJ-0136,労務費,42381,確定請求,2024-11,2024-12,2024-11-30T00:00:00,2024-12-02T00:00:00,資材メーカーB
CST-00053,PRJ-0135,労務費,5824,確定請求,2025-07,2025-08,2025-07-28T00:00:00,2025-07-31T00:00:00,資材メーカーB
CST-00054,PRJ-0198,外注費,38243,確定請求,2026-02,2026-03,2026-02-21T00:00:00,2026-02-23T00:00:00,協力業者O社
CST-00055,PRJ-0114,材料費,15399,現場見込み,2025-01,2025-02,2025-02-04T00:00:00,,資材メーカーE
CST-00056,PRJ-0114,経費,17648,口頭発注,2024-10,2024-11,2024-10-21T00:00:00,,協力業者L社
CST-00057,PRJ-0178,材料費,70844,確定請求,2026-01,2026-02,2026-02-09T00:00:00,2026-02-12T00:00:00,協力業者J社
CST-00058,PRJ-0011,労務費,19033,確定請求,2025-01,2025-02,2025-01-13T00:00:00,2025-01-13T00:00:00,資材メーカーB
CST-00059,PRJ-0144,労務費,21947,確定請求,2024-12,2025-01,2024-12-25T00:00:00,2024-12-25T00:00:00,協力業者M社
CST-00060,PRJ-0079,外注費,70642,確定請求,2024-01,2024-02,2024-01-27T00:00:00,2024-01-28T00:00:00,協力業者G社
CST-00061,PRJ-0194,経費,11508,確定請求,2023-09,2023-10,2023-09-18T00:00:00,2023-09-20T00:00:00,資材メーカーE
CST-00062,PRJ-0027,外注費,104945,現場見込み,2026-03,2026-04,2026-03-03T00:00:00,,協力業者D社
CST-00063,PRJ-0120,材料費,55755,確定請求,2026-06,2026-07,2026-06-21T00:00:00,2026-06-22T00:00:00,資材メーカーD
CST-00064,PRJ-0092,外注費,126712,確定請求,2023-11,2023-12,2023-11-16T00:00:00,2023-11-21T00:00:00,協力業者M社
CST-00065,PRJ-0132,労務費,7614,現場見込み,2025-11,2025-12,2025-11-23T00:00:00,,協力業者Q社
CST-00066,PRJ-0120,経費,47883,確定請求,2026-01,2026-02,2026-01-25T00:00:00,2026-01-30T00:00:00,協力業者C社
CST-00067,PRJ-0055,外注費,24898,確定請求,2023-05,2023-06,2023-05-23T00:00:00,2023-05-26T00:00:00,協力業者N社
CST-00068,PRJ-0017,材料費,92694,現場見込み,2025-06,2025-07,2025-06-16T00:00:00,,資材メーカーH
CST-00069,PRJ-0084,外注費,35483,確定請求,2026-01,2026-02,2026-01-18T00:00:00,2026-01-21T00:00:00,協力業者N社
CST-00070,PRJ-0004,労務費,5383,確定請求,2025-07,2025-08,2025-07-08T00:00:00,2025-07-10T00:00:00,資材メーカーA
CST-00071,PRJ-0024,外注費,63590,確定請求,2025-04,2025-05,2025-04-11T00:00:00,2025-04-13T00:00:00,協力業者M社
CST-00072,PRJ-0054,外注費,26303,確定請求,2024-07,2024-08,2024-07-20T00:00:00,2024-07-23T00:00:00,資材メーカーF
CST-00073,PRJ-0002,労務費,63736,口頭発注,2026-05,2026-06,2026-05-19T00:00:00,,資材メーカーJ
CST-00074,PRJ-0186,材料費,54923,現場見込み,2024-12,2025-01,2024-12-08T00:00:00,,協力業者N社
CST-00075,PRJ-0094,外注費,1784,現場見込み,2024-02,2024-03,2024-02-17T00:00:00,,協力業者N社
CST-00076,PRJ-0114,材料費,20034,確定請求,2025-08,2025-09,2025-08-06T00:00:00,2025-08-09T00:00:00,協力業者Q社
CST-00077,PRJ-0171,経費,91207,確定請求,2024-03,2024-04,2024-03-25T00:00:00,2024-03-26T00:00:00,資材メーカーD
CST-00078,PRJ-0028,外注費,23640,確定請求,2026-03,2026-04,2026-03-25T00:00:00,2026-03-25T00:00:00,資材メーカーE
CST-00079,PRJ-0015,外注費,46600,確定請求,2024-03,2024-04,2024-03-14T00:00:00,2024-03-18T00:00:00,資材メーカーA
CST-00080,PRJ-0028,外注費,17785,確定請求,2026-05,2026-06,2026-05-12T00:00:00,2026-05-14T00:00:00,協力業者G社
CST-00081,PRJ-0024,外注費,71974,口頭発注,2026-10,2026-11,2026-10-08T00:00:00,,資材メーカーG
CST-00082,PRJ-0105,経費,28571,確定請求,2024-03,2024-04,2024-04-02T00:00:00,2024-04-04T00:00:00,協力業者D社
CST-00083,PRJ-0010,労務費,36151,確定請求,2024-08,2024-09,2024-08-13T00:00:00,2024-08-14T00:00:00,協力業者F社
CST-00084,PRJ-0101,材料費,29187,確定請求,2024-05,2024-06,2024-05-25T00:00:00,2024-05-28T00:00:00,協力業者F社
CST-00085,PRJ-0062,材料費,29417,確定請求,2026-05,2026-06,2026-05-27T00:00:00,2026-05-30T00:00:00,資材メーカーE
CST-00086,PRJ-0118,外注費,22128,現場見込み,2024-12,2025-01,2025-01-04T00:00:00,,資材メーカーJ
CST-00087,PRJ-0044,労務費,4122,確定請求,2024-10,2024-11,2024-10-25T00:00:00,2024-10-27T00:00:00,資材メーカーA
CST-00088,PRJ-0064,材料費,24722,確定請求,2024-09,2024-10,2024-09-13T00:00:00,2024-09-13T00:00:00,協力業者E社
CST-00089,PRJ-0111,材料費,76688,現場見込み,2024-10,2024-11,2024-10-07T00:00:00,,協力業者O社
CST-00090,PRJ-0171,外注費,81160,確定請求,2024-02,2024-03,2024-02-13T00:00:00,2024-02-15T00:00:00,協力業者S社
CST-00091,PRJ-0094,外注費,2650,確定請求,2024-11,2024-12,2024-11-08T00:00:00,2024-11-11T00:00:00,協力業者C社
CST-00092,PRJ-0122,労務費,53229,確定請求,2025-09,2025-10,2025-09-28T00:00:00,2025-09-30T00:00:00,協力業者B社
CST-00093,PRJ-0194,外注費,6885,確定請求,2024-02,2024-03,2024-02-15T00:00:00,2024-02-19T00:00:00,協力業者C社
CST-00094,PRJ-0062,材料費,27371,現場見込み,2026-06,2026-07,2026-06-24T00:00:00,,協力業者Q社
CST-00095,PRJ-0072,労務費,71928,現場見込み,2026-08,2026-09,2026-08-11T00:00:00,,協力業者S社
CST-00096,PRJ-0187,外注費,40539,確定請求,2026-06,2026-07,2026-06-15T00:00:00,2026-06-18T00:00:00,資材メーカーD
CST-00097,PRJ-0074,材料費,3310,口頭発注,2025-02,2025-03,2025-02-11T00:00:00,,資材メーカーA
CST-00098,PRJ-0148,労務費,34677,口頭発注,2026-11,2026-12,2026-11-20T00:00:00,,協力業者T社
CST-00099,PRJ-0136,外注費,51496,確定請求,2025-07,2025-08,2025-07-18T00:00:00,2025-07-21T00:00:00,協力業者E社
CST-00100,PRJ-0103,外注費,117604,確定請求,2023-08,2023-09,2023-08-09T00:00:00,2023-08-14T00:00:00,資材メーカーF
CST-00101,PRJ-0132,外注費,10652,現場見込み,2025-09,2025-10,2025-09-04T00:00:00,,協力業者Q社
CST-00102,PRJ-0034,外注費,44191,確定請求,2024-09,2024-10,2024-09-26T00:00:00,2024-09-29T00:00:00,協力業者H社
CST-00103,PRJ-0095,外注費,81234,確定請求,2025-10,2025-11,2025-10-22T00:00:00,2025-10-23T00:00:00,協力業者Q社
CST-00104,PRJ-0093,外注費,17109,確定請求,2023-12,2024-01,2023-12-13T00:00:00,2023-12-16T00:00:00,協力業者L社
CST-00105,PRJ-0172,外注費,66965,確定請求,2025-11,2025-12,2025-12-05T00:00:00,2025-12-10T00:00:00,資材メーカーE
CST-00106,PRJ-0043,外注費,5478,確定請求,2025-07,2025-08,2025-07-15T00:00:00,2025-07-15T00:00:00,協力業者B社
CST-00107,PRJ-0063,労務費,73609,確定請求,2024-09,2024-10,2024-10-02T00:00:00,2024-10-07T00:00:00,協力業者D社
CST-00108,PRJ-0169,労務費,53742,確定請求,2024-10,2024-11,2024-11-04T00:00:00,2024-11-09T00:00:00,協力業者J社
CST-00109,PRJ-0054,材料費,29207,確定請求,2024-06,2024-07,2024-06-20T00:00:00,2024-06-24T00:00:00,協力業者K社
CST-00110,PRJ-0134,外注費,53461,確定請求,2024-05,2024-06,2024-06-03T00:00:00,2024-06-05T00:00:00,協力業者E社
CST-00111,PRJ-0009,外注費,38188,確定請求,2023-10,2023-11,2023-11-07T00:00:00,2023-11-08T00:00:00,資材メーカーC
CST-00112,PRJ-0080,材料費,21743,確定請求,2026-02,2026-03,2026-02-27T00:00:00,2026-03-01T00:00:00,資材メーカーC
CST-00113,PRJ-0046,外注費,89732,確定請求,2026-09,2026-10,2026-10-05T00:00:00,2026-10-06T00:00:00,協力業者M社
CST-00114,PRJ-0127,労務費,26773,確定請求,2024-10,2024-11,2024-11-05T00:00:00,2024-11-05T00:00:00,資材メーカーC
CST-00115,PRJ-0135,外注費,2829,確定請求,2026-02,2026-03,2026-02-21T00:00:00,2026-02-25T00:00:00,資材メーカーB
CST-00116,PRJ-0070,外注費,19815,現場見込み,2024-09,2024-10,2024-10-02T00:00:00,,協力業者A社
CST-00117,PRJ-0077,経費,50002,確定請求,2024-06,2024-07,2024-06-24T00:00:00,2024-06-26T00:00:00,協力業者F社
CST-00118,PRJ-0138,外注費,36042,確定請求,2024-10,2024-11,2024-10-29T00:00:00,2024-10-30T00:00:00,協力業者G社
CST-00119,PRJ-0056,外注費,106461,確定請求,2025-12,2026-01,2025-12-21T00:00:00,2025-12-21T00:00:00,協力業者C社
CST-00120,PRJ-0191,外注費,22039,確定請求,2027-05,2027-06,2027-05-28T00:00:00,2027-06-02T00:00:00,資材メーカーE
CST-00121,PRJ-0199,外注費,65449,確定請求,2026-06,2026-07,2026-06-19T00:00:00,2026-06-23T00:00:00,協力業者B社
CST-00122,PRJ-0086,外注費,90501,確定請求,2023-12,2024-01,2023-12-11T00:00:00,2023-12-12T00:00:00,協力業者T社
CST-00123,PRJ-0014,労務費,37610,確定請求,2025-10,2025-11,2025-10-21T00:00:00,2025-10-22T00:00:00,協力業者F社
CST-00124,PRJ-0099,外注費,37842,確定請求,2026-02,2026-03,2026-02-25T00:00:00,2026-02-27T00:00:00,協力業者B社
CST-00125,PRJ-0137,材料費,67173,確定請求,2024-12,2025-01,2024-12-11T00:00:00,2024-12-14T00:00:00,資材メーカーD
CST-00126,PRJ-0069,外注費,67001,現場見込み,2025-03,2025-04,2025-03-29T00:00:00,,協力業者J社
CST-00127,PRJ-0094,外注費,1697,確定請求,2024-01,2024-02,2024-02-01T00:00:00,2024-02-03T00:00:00,協力業者R社
CST-00128,PRJ-0035,材料費,43675,確定請求,2025-06,2025-07,2025-06-05T00:00:00,2025-06-07T00:00:00,資材メーカーI
CST-00129,PRJ-0163,材料費,101368,確定請求,2025-05,2025-06,2025-06-05T00:00:00,2025-06-08T00:00:00,協力業者O社
CST-00130,PRJ-0032,労務費,78911,確定請求,2026-03,2026-04,2026-03-24T00:00:00,2026-03-25T00:00:00,協力業者Q社
CST-00131,PRJ-0078,労務費,31637,現場見込み,2025-04,2025-05,2025-04-12T00:00:00,,資材メーカーF
CST-00132,PRJ-0060,外注費,90749,確定請求,2023-11,2023-12,2023-11-27T00:00:00,2023-11-27T00:00:00,資材メーカーH
CST-00133,PRJ-0064,経費,31922,確定請求,2024-11,2024-12,2024-12-05T00:00:00,2024-12-09T00:00:00,資材メーカーH
CST-00134,PRJ-0057,材料費,3387,現場見込み,2025-05,2025-06,2025-06-04T00:00:00,,資材メーカーC
CST-00135,PRJ-0185,労務費,53421,口頭発注,2025-12,2026-01,2025-12-16T00:00:00,,協力業者J社
CST-00136,PRJ-0178,材料費,94627,確定請求,2026-03,2026-04,2026-03-30T00:00:00,2026-04-03T00:00:00,協力業者I社
CST-00137,PRJ-0105,外注費,31449,確定請求,2024-02,2024-03,2024-02-21T00:00:00,2024-02-21T00:00:00,資材メーカーG
CST-00138,PRJ-0042,労務費,33014,現場見込み,2026-06,2026-07,2026-07-03T00:00:00,,協力業者H社
CST-00139,PRJ-0053,外注費,96015,確定請求,2024-12,2025-01,2024-12-20T00:00:00,2024-12-23T00:00:00,資材メーカーJ
CST-00140,PRJ-0127,経費,40053,口頭発注,2023-12,2024-01,2023-12-25T00:00:00,,協力業者M社
CST-00141,PRJ-0162,外注費,45863,確定請求,2025-12,2026-01,2025-12-08T00:00:00,2025-12-08T00:00:00,協力業者H社
CST-00142,PRJ-0077,材料費,71331,確定請求,2024-08,2024-09,2024-08-27T00:00:00,2024-08-29T00:00:00,協力業者H社
CST-00143,PRJ-0187,外注費,27324,確定請求,2026-08,2026-09,2026-08-30T00:00:00,2026-08-31T00:00:00,協力業者D社
CST-00144,PRJ-0013,労務費,22270,確定請求,2024-05,2024-06,2024-05-26T00:00:00,2024-05-29T00:00:00,協力業者B社
CST-00145,PRJ-0130,労務費,29458,現場見込み,2025-12,2026-01,2026-01-01T00:00:00,,資材メーカーG
CST-00146,PRJ-0071,外注費,61779,確定請求,2024-10,2024-11,2024-10-30T00:00:00,2024-11-02T00:00:00,資材メーカーC
CST-00147,PRJ-0051,材料費,79892,口頭発注,2025-02,2025-03,2025-02-20T00:00:00,,資材メーカーI
CST-00148,PRJ-0152,材料費,42471,確定請求,2025-08,2025-09,2025-08-15T00:00:00,2025-08-16T00:00:00,協力業者I社
CST-00149,PRJ-0068,外注費,70840,確定請求,2025-10,2025-11,2025-10-16T00:00:00,2025-10-20T00:00:00,資材メーカーD
CST-00150,PRJ-0062,外注費,28755,確定請求,2025-12,2026-01,2025-12-29T00:00:00,2025-12-30T00:00:00,協力業者D社
CST-00151,PRJ-0034,経費,57853,確定請求,2024-11,2024-12,2024-11-25T00:00:00,2024-11-26T00:00:00,協力業者D社
CST-00152,PRJ-0024,材料費,59921,現場見込み,2026-02,2026-03,2026-02-26T00:00:00,,資材メーカーA
CST-00153,PRJ-0151,材料費,101147,確定請求,2024-08,2024-09,2024-08-07T00:00:00,2024-08-10T00:00:00,協力業者C社
CST-00154,PRJ-0080,外注費,22293,確定請求,2025-12,2026-01,2026-01-04T00:00:00,2026-01-08T00:00:00,協力業者A社
CST-00155,PRJ-0094,材料費,1511,確定請求,2024-02,2024-03,2024-02-08T00:00:00,2024-02-10T00:00:00,資材メーカーC
CST-00156,PRJ-0164,経費,107463,確定請求,2025-06,2025-07,2025-06-23T00:00:00,2025-06-25T00:00:00,協力業者A社
CST-00157,PRJ-0153,外注費,58367,現場見込み,2025-01,2025-02,2025-01-20T00:00:00,,協力業者S社
CST-00158,PRJ-0034,労務費,41226,確定請求,2024-10,2024-11,2024-10-27T00:00:00,2024-10-31T00:00:00,資材メーカーB
CST-00159,PRJ-0014,経費,33135,口頭発注,2026-01,2026-02,2026-01-29T00:00:00,,協力業者C社
CST-00160,PRJ-0107,材料費,64870,現場見込み,2023-10,2023-11,2023-10-17T00:00:00,,協力業者M社
CST-00161,PRJ-0189,外注費,19656,確定請求,2025-11,2025-12,2025-11-20T00:00:00,2025-11-22T00:00:00,資材メーカーA
CST-00162,PRJ-0030,外注費,59427,確定請求,2024-09,2024-10,2024-09-20T00:00:00,2024-09-22T00:00:00,資材メーカーD
CST-00163,PRJ-0003,材料費,13145,確定請求,2024-10,2024-11,2024-10-07T00:00:00,2024-10-12T00:00:00,協力業者L社
CST-00164,PRJ-0152,外注費,46759,口頭発注,2027-04,2027-05,2027-05-07T00:00:00,,協力業者D社
CST-00165,PRJ-0004,材料費,9318,確定請求,2025-07,2025-08,2025-07-20T00:00:00,2025-07-21T00:00:00,資材メーカーE
CST-00166,PRJ-0107,外注費,81825,確定請求,2023-11,2023-12,2023-11-12T00:00:00,2023-11-14T00:00:00,協力業者L社
CST-00167,PRJ-0083,外注費,77479,確定請求,2023-07,2023-08,2023-08-01T00:00:00,2023-08-06T00:00:00,資材メーカーG
CST-00168,PRJ-0005,材料費,60059,確定請求,2025-07,2025-08,2025-07-20T00:00:00,2025-07-21T00:00:00,資材メーカーA
CST-00169,PRJ-0022,材料費,56508,現場見込み,2023-11,2023-12,2023-11-20T00:00:00,,資材メーカーC
CST-00170,PRJ-0031,外注費,2799,確定請求,2023-12,2024-01,2024-01-01T00:00:00,2024-01-01T00:00:00,協力業者J社
CST-00171,PRJ-0194,外注費,9576,確定請求,2023-11,2023-12,2023-11-17T00:00:00,2023-11-19T00:00:00,資材メーカーI
CST-00172,PRJ-0037,労務費,21096,確定請求,2025-04,2025-05,2025-04-27T00:00:00,2025-05-01T00:00:00,協力業者Q社
CST-00173,PRJ-0052,外注費,95318,確定請求,2024-11,2024-12,2024-11-12T00:00:00,2024-11-17T00:00:00,協力業者I社
CST-00174,PRJ-0021,外注費,30747,確定請求,2025-06,2025-07,2025-06-10T00:00:00,2025-06-10T00:00:00,協力業者J社
CST-00175,PRJ-0115,経費,62707,確定請求,2024-08,2024-09,2024-08-25T00:00:00,2024-08-27T00:00:00,資材メーカーA
CST-00176,PRJ-0143,材料費,21012,現場見込み,2023-12,2024-01,2023-12-17T00:00:00,,資材メーカーF
CST-00177,PRJ-0062,材料費,14392,確定請求,2026-01,2026-02,2026-01-14T00:00:00,2026-01-19T00:00:00,資材メーカーI
CST-00178,PRJ-0108,労務費,59758,確定請求,2024-07,2024-08,2024-07-27T00:00:00,2024-07-29T00:00:00,資材メーカーI
CST-00179,PRJ-0044,外注費,6767,確定請求,2024-06,2024-07,2024-06-28T00:00:00,2024-06-30T00:00:00,協力業者P社
CST-00180,PRJ-0182,材料費,88266,現場見込み,2024-06,2024-07,2024-06-09T00:00:00,,協力業者Q社
CST-00181,PRJ-0036,外注費,16375,口頭発注,2024-01,2024-02,2024-01-11T00:00:00,,資材メーカーD
CST-00182,PRJ-0127,外注費,28953,確定請求,2023-12,2024-01,2024-01-08T00:00:00,2024-01-09T00:00:00,協力業者N社
CST-00183,PRJ-0016,経費,12424,口頭発注,2026-07,2026-08,2026-07-21T00:00:00,,協力業者K社
CST-00184,PRJ-0037,外注費,18188,確定請求,2024-08,2024-09,2024-09-01T00:00:00,2024-09-03T00:00:00,協力業者K社
CST-00185,PRJ-0116,外注費,55492,確定請求,2026-03,2026-04,2026-03-23T00:00:00,2026-03-24T00:00:00,協力業者T社
CST-00186,PRJ-0075,外注費,32571,確定請求,2025-12,2026-01,2025-12-23T00:00:00,2025-12-26T00:00:00,協力業者O社
CST-00187,PRJ-0148,外注費,26108,口頭発注,2026-01,2026-02,2026-02-05T00:00:00,,資材メーカーD
CST-00188,PRJ-0057,経費,2973,確定請求,2026-02,2026-03,2026-02-17T00:00:00,2026-02-22T00:00:00,協力業者N社
CST-00189,PRJ-0182,経費,69097,現場見込み,2024-06,2024-07,2024-06-03T00:00:00,,協力業者B社
CST-00190,PRJ-0051,経費,85712,確定請求,2025-09,2025-10,2025-09-20T00:00:00,2025-09-25T00:00:00,協力業者L社
CST-00191,PRJ-0137,材料費,61276,確定請求,2024-12,2025-01,2024-12-09T00:00:00,2024-12-10T00:00:00,協力業者F社
CST-00192,PRJ-0174,材料費,64940,確定請求,2024-06,2024-07,2024-07-07T00:00:00,2024-07-07T00:00:00,資材メーカーB
CST-00193,PRJ-0052,労務費,111364,確定請求,2024-08,2024-09,2024-08-18T00:00:00,2024-08-23T00:00:00,協力業者C社
CST-00194,PRJ-0153,外注費,35317,確定請求,2025-03,2025-04,2025-03-25T00:00:00,2025-03-29T00:00:00,協力業者L社
CST-00195,PRJ-0142,経費,94954,確定請求,2023-06,2023-07,2023-06-12T00:00:00,2023-06-17T00:00:00,協力業者T社
CST-00196,PRJ-0175,外注費,63039,確定請求,2025-05,2025-06,2025-05-19T00:00:00,2025-05-22T00:00:00,協力業者L社
CST-00197,PRJ-0122,外注費,48118,確定請求,2026-03,2026-04,2026-03-15T00:00:00,2026-03-16T00:00:00,協力業者C社
CST-00198,PRJ-0192,材料費,16298,確定請求,2024-05,2024-06,2024-05-17T00:00:00,2024-05-19T00:00:00,協力業者L社
CST-00199,PRJ-0082,材料費,13508,確定請求,2025-12,2026-01,2026-01-03T00:00:00,2026-01-03T00:00:00,協力業者I社
CST-00200,PRJ-0105,外注費,44922,口頭発注,2023-12,2024-01,2023-12-17T00:00:00,,資材メーカーD
CST-00201,PRJ-0097,外注費,27416,確定請求,2025-03,2025-04,2025-03-09T00:00:00,2025-03-13T00:00:00,協力業者Q社
CST-00202,PRJ-0184,労務費,29170,確定請求,2025-03,2025-04,2025-03-17T00:00:00,2025-03-22T00:00:00,協力業者I社
CST-00203,PRJ-0047,材料費,12720,確定請求,2023-09,2023-10,2023-09-23T00:00:00,2023-09-25T00:00:00,協力業者G社
CST-00204,PRJ-0109,労務費,5507,口頭発注,2025-05,2025-06,2025-05-31T00:00:00,,資材メーカーJ
CST-00205,PRJ-0110,材料費,19488,口頭発注,2025-10,2025-11,2025-10-07T00:00:00,,協力業者D社
CST-00206,PRJ-0010,材料費,26553,確定請求,2024-05,2024-06,2024-06-03T00:00:00,2024-06-08T00:00:00,協力業者O社
CST-00207,PRJ-0061,経費,52744,確定請求,2024-01,2024-02,2024-02-05T00:00:00,2024-02-10T00:00:00,協力業者C社
CST-00208,PRJ-0087,材料費,23378,現場見込み,2025-01,2025-02,2025-01-06T00:00:00,,資材メーカーC
CST-00209,PRJ-0198,外注費,32449,確定請求,2025-12,2026-01,2025-12-23T00:00:00,2025-12-25T00:00:00,協力業者R社
CST-00210,PRJ-0133,外注費,38129,確定請求,2025-06,2025-07,2025-06-17T00:00:00,2025-06-19T00:00:00,資材メーカーC
CST-00211,PRJ-0122,外注費,47904,確定請求,2025-10,2025-11,2025-10-28T00:00:00,2025-10-29T00:00:00,協力業者H社
CST-00212,PRJ-0143,外注費,25701,現場見込み,2023-12,2024-01,2024-01-03T00:00:00,,協力業者H社
CST-00213,PRJ-0109,材料費,3677,確定請求,2024-12,2025-01,2024-12-12T00:00:00,2024-12-16T00:00:00,協力業者L社
CST-00214,PRJ-0121,外注費,82422,確定請求,2024-04,2024-05,2024-05-09T00:00:00,2024-05-10T00:00:00,協力業者O社
CST-00215,PRJ-0085,材料費,34490,確定請求,2024-07,2024-08,2024-07-10T00:00:00,2024-07-10T00:00:00,資材メーカーI
CST-00216,PRJ-0074,材料費,5925,確定請求,2024-12,2025-01,2024-12-10T00:00:00,2024-12-14T00:00:00,協力業者M社
CST-00217,PRJ-0199,外注費,58239,確定請求,2026-02,2026-03,2026-02-21T00:00:00,2026-02-25T00:00:00,資材メーカーE
CST-00218,PRJ-0026,外注費,10253,確定請求,2025-12,2026-01,2025-12-20T00:00:00,2025-12-25T00:00:00,協力業者E社
CST-00219,PRJ-0084,経費,36843,確定請求,2024-08,2024-09,2024-08-20T00:00:00,2024-08-25T00:00:00,協力業者O社
CST-00220,PRJ-0108,労務費,65259,現場見込み,2024-10,2024-11,2024-10-10T00:00:00,,協力業者L社
CST-00221,PRJ-0111,労務費,51064,現場見込み,2023-12,2024-01,2023-12-16T00:00:00,,資材メーカーE
CST-00222,PRJ-0197,外注費,28816,確定請求,2024-07,2024-08,2024-07-06T00:00:00,2024-07-06T00:00:00,協力業者Q社
CST-00223,PRJ-0067,外注費,39190,現場見込み,2027-02,2027-03,2027-02-27T00:00:00,,協力業者E社
CST-00224,PRJ-0016,材料費,11241,口頭発注,2026-03,2026-04,2026-03-15T00:00:00,,協力業者F社
CST-00225,PRJ-0106,外注費,17589,確定請求,2027-11,2027-12,2027-11-28T00:00:00,2027-12-02T00:00:00,協力業者H社
CST-00226,PRJ-0164,材料費,99367,確定請求,2025-03,2025-04,2025-04-02T00:00:00,2025-04-04T00:00:00,資材メーカーH
CST-00227,PRJ-0050,材料費,23837,口頭発注,2024-02,2024-03,2024-02-13T00:00:00,,資材メーカーA
CST-00228,PRJ-0093,外注費,12913,確定請求,2023-10,2023-11,2023-10-28T00:00:00,2023-11-01T00:00:00,協力業者E社
CST-00229,PRJ-0061,労務費,123653,現場見込み,2024-03,2024-04,2024-03-25T00:00:00,,協力業者C社
CST-00230,PRJ-0071,外注費,55021,確定請求,2024-08,2024-09,2024-09-02T00:00:00,2024-09-06T00:00:00,協力業者F社
CST-00231,PRJ-0072,労務費,45907,確定請求,2025-09,2025-10,2025-09-30T00:00:00,2025-10-05T00:00:00,協力業者F社
CST-00232,PRJ-0155,外注費,29665,確定請求,2025-04,2025-05,2025-04-23T00:00:00,2025-04-23T00:00:00,協力業者K社
CST-00233,PRJ-0081,外注費,58551,確定請求,2025-02,2025-03,2025-02-18T00:00:00,2025-02-23T00:00:00,協力業者C社
CST-00234,PRJ-0161,経費,57033,確定請求,2026-12,2027-01,2026-12-16T00:00:00,2026-12-21T00:00:00,協力業者S社
CST-00235,PRJ-0039,労務費,59643,確定請求,2024-01,2024-02,2024-02-08T00:00:00,2024-02-11T00:00:00,資材メーカーE
CST-00236,PRJ-0106,材料費,15016,確定請求,2027-08,2027-09,2027-08-21T00:00:00,2027-08-24T00:00:00,資材メーカーA
CST-00237,PRJ-0035,材料費,56766,確定請求,2025-08,2025-09,2025-08-26T00:00:00,2025-08-31T00:00:00,協力業者R社
CST-00238,PRJ-0011,材料費,24667,現場見込み,2024-09,2024-10,2024-09-19T00:00:00,,協力業者P社
CST-00239,PRJ-0057,外注費,3983,口頭発注,2026-03,2026-04,2026-03-25T00:00:00,,協力業者M社
CST-00240,PRJ-0064,外注費,36209,現場見込み,2024-11,2024-12,2024-11-16T00:00:00,,協力業者C社
CST-00241,PRJ-0010,外注費,30144,確定請求,2024-07,2024-08,2024-07-20T00:00:00,2024-07-23T00:00:00,協力業者O社
CST-00242,PRJ-0168,外注費,52195,確定請求,2025-08,2025-09,2025-08-11T00:00:00,2025-08-15T00:00:00,協力業者G社
CST-00243,PRJ-0111,外注費,48659,確定請求,2023-11,2023-12,2023-11-10T00:00:00,2023-11-15T00:00:00,協力業者K社
CST-00244,PRJ-0110,材料費,33546,確定請求,2025-12,2026-01,2025-12-20T00:00:00,2025-12-22T00:00:00,協力業者M社
CST-00245,PRJ-0032,労務費,70055,確定請求,2026-03,2026-04,2026-04-01T00:00:00,2026-04-03T00:00:00,協力業者R社
CST-00246,PRJ-0090,材料費,47187,確定請求,2024-05,2024-06,2024-05-11T00:00:00,2024-05-13T00:00:00,協力業者O社
CST-00247,PRJ-0092,外注費,73474,確定請求,2024-04,2024-05,2024-04-22T00:00:00,2024-04-22T00:00:00,協力業者H社
CST-00248,PRJ-0021,材料費,31071,現場見込み,2025-03,2025-04,2025-03-31T00:00:00,,協力業者J社
CST-00249,PRJ-0040,外注費,10943,確定請求,2024-11,2024-12,2024-11-25T00:00:00,2024-11-26T00:00:00,協力業者N社
CST-00250,PRJ-0173,材料費,19662,確定請求,2024-08,2024-09,2024-08-28T00:00:00,2024-09-02T00:00:00,資材メーカーJ
CST-00251,PRJ-0052,材料費,45812,現場見込み,2024-10,2024-11,2024-10-04T00:00:00,,協力業者G社
CST-00252,PRJ-0147,外注費,32536,確定請求,2025-04,2025-05,2025-04-14T00:00:00,2025-04-17T00:00:00,協力業者Q社
CST-00253,PRJ-0056,材料費,130998,確定請求,2026-03,2026-04,2026-03-05T00:00:00,2026-03-05T00:00:00,協力業者P社
CST-00254,PRJ-0182,経費,77276,現場見込み,2023-11,2023-12,2023-11-18T00:00:00,,協力業者Q社
CST-00255,PRJ-0176,材料費,57218,確定請求,2025-02,2025-03,2025-02-24T00:00:00,2025-02-26T00:00:00,協力業者G社
CST-00256,PRJ-0138,材料費,37186,確定請求,2023-08,2023-09,2023-08-09T00:00:00,2023-08-12T00:00:00,協力業者B社
CST-00257,PRJ-0162,材料費,43016,確定請求,2026-07,2026-08,2026-07-26T00:00:00,2026-07-28T00:00:00,資材メーカーI
CST-00258,PRJ-0016,材料費,6065,確定請求,2025-09,2025-10,2025-10-02T00:00:00,2025-10-05T00:00:00,資材メーカーH
CST-00259,PRJ-0118,外注費,12709,確定請求,2024-03,2024-04,2024-03-25T00:00:00,2024-03-30T00:00:00,資材メーカーI
CST-00260,PRJ-0040,労務費,14787,確定請求,2024-07,2024-08,2024-07-23T00:00:00,2024-07-25T00:00:00,資材メーカーE
CST-00261,PRJ-0078,材料費,37933,現場見込み,2025-01,2025-02,2025-01-14T00:00:00,,協力業者M社
CST-00262,PRJ-0070,労務費,17800,確定請求,2025-01,2025-02,2025-01-14T00:00:00,2025-01-16T00:00:00,協力業者R社
CST-00263,PRJ-0013,労務費,16860,確定請求,2024-10,2024-11,2024-10-30T00:00:00,2024-11-03T00:00:00,協力業者C社
CST-00264,PRJ-0057,外注費,4749,確定請求,2025-11,2025-12,2025-11-29T00:00:00,2025-12-01T00:00:00,資材メーカーE
CST-00265,PRJ-0120,労務費,85171,現場見込み,2026-10,2026-11,2026-10-11T00:00:00,,協力業者D社
CST-00266,PRJ-0073,外注費,6332,確定請求,2026-01,2026-02,2026-01-21T00:00:00,2026-01-23T00:00:00,協力業者M社
CST-00267,PRJ-0168,材料費,58497,口頭発注,2025-08,2025-09,2025-09-01T00:00:00,,協力業者L社
CST-00268,PRJ-0166,外注費,10518,現場見込み,2026-07,2026-08,2026-07-13T00:00:00,,協力業者T社
CST-00269,PRJ-0071,外注費,42613,確定請求,2024-04,2024-05,2024-04-23T00:00:00,2024-04-23T00:00:00,協力業者Q社
CST-00270,PRJ-0059,材料費,9621,確定請求,2023-06,2023-07,2023-06-10T00:00:00,2023-06-13T00:00:00,協力業者E社
CST-00271,PRJ-0134,経費,44938,口頭発注,2024-04,2024-05,2024-04-24T00:00:00,,協力業者O社
CST-00272,PRJ-0108,外注費,47027,口頭発注,2025-01,2025-02,2025-01-15T00:00:00,,資材メーカーI
CST-00273,PRJ-0158,外注費,52224,確定請求,2025-08,2025-09,2025-08-23T00:00:00,2025-08-25T00:00:00,協力業者K社
CST-00274,PRJ-0004,材料費,7519,口頭発注,2024-09,2024-10,2024-10-04T00:00:00,,協力業者M社
CST-00275,PRJ-0015,外注費,40075,確定請求,2024-05,2024-06,2024-05-15T00:00:00,2024-05-19T00:00:00,資材メーカーG
CST-00276,PRJ-0026,外注費,11806,口頭発注,2026-04,2026-05,2026-05-07T00:00:00,,協力業者Q社
CST-00277,PRJ-0193,経費,35859,確定請求,2025-10,2025-11,2025-11-01T00:00:00,2025-11-03T00:00:00,協力業者P社
CST-00278,PRJ-0125,労務費,47587,確定請求,2024-03,2024-04,2024-04-01T00:00:00,2024-04-03T00:00:00,資材メーカーG
CST-00279,PRJ-0070,外注費,30256,口頭発注,2024-09,2024-10,2024-09-12T00:00:00,,資材メーカーB
CST-00280,PRJ-0006,材料費,8310,確定請求,2024-02,2024-03,2024-02-07T00:00:00,2024-02-12T00:00:00,協力業者S社
CST-00281,PRJ-0165,外注費,35740,現場見込み,2024-08,2024-09,2024-08-15T00:00:00,,資材メーカーA
CST-00282,PRJ-0116,労務費,56651,確定請求,2026-08,2026-09,2026-08-23T00:00:00,2026-08-28T00:00:00,協力業者P社
CST-00283,PRJ-0097,外注費,37007,確定請求,2025-07,2025-08,2025-08-04T00:00:00,2025-08-08T00:00:00,資材メーカーE
CST-00284,PRJ-0143,労務費,33698,現場見込み,2024-03,2024-04,2024-03-27T00:00:00,,資材メーカーD
CST-00285,PRJ-0054,外注費,29373,現場見込み,2025-05,2025-06,2025-05-31T00:00:00,,協力業者F社
CST-00286,PRJ-0091,材料費,21796,確定請求,2024-11,2024-12,2024-12-01T00:00:00,2024-12-04T00:00:00,資材メーカーD
CST-00287,PRJ-0065,外注費,47512,確定請求,2025-12,2026-01,2025-12-07T00:00:00,2025-12-07T00:00:00,資材メーカーG
CST-00288,PRJ-0037,材料費,26645,確定請求,2024-09,2024-10,2024-09-28T00:00:00,2024-10-01T00:00:00,協力業者G社
CST-00289,PRJ-0111,経費,77520,確定請求,2024-04,2024-05,2024-04-29T00:00:00,2024-05-02T00:00:00,協力業者N社
CST-00290,PRJ-0142,外注費,105769,確定請求,2023-11,2023-12,2023-12-01T00:00:00,2023-12-05T00:00:00,協力業者G社
CST-00291,PRJ-0191,材料費,21848,口頭発注,2027-04,2027-05,2027-04-13T00:00:00,,資材メーカーH
CST-00292,PRJ-0049,労務費,157784,確定請求,2025-11,2025-12,2025-12-09T00:00:00,2025-12-10T00:00:00,協力業者E社
CST-00293,PRJ-0123,外注費,56828,確定請求,2026-11,2026-12,2026-12-06T00:00:00,2026-12-10T00:00:00,協力業者K社
CST-00294,PRJ-0145,労務費,98704,確定請求,2026-05,2026-06,2026-05-15T00:00:00,2026-05-18T00:00:00,協力業者K社
CST-00295,PRJ-0090,材料費,51621,現場見込み,2024-10,2024-11,2024-10-14T00:00:00,,協力業者K社
CST-00296,PRJ-0161,材料費,66301,現場見込み,2026-05,2026-06,2026-05-17T00:00:00,,資材メーカーB
CST-00297,PRJ-0184,材料費,31578,確定請求,2025-11,2025-12,2025-11-23T00:00:00,2025-11-24T00:00:00,協力業者P社
CST-00298,PRJ-0198,労務費,71905,確定請求,2025-03,2025-04,2025-03-20T00:00:00,2025-03-21T00:00:00,協力業者R社
CST-00299,PRJ-0118,経費,17301,確定請求,2025-05,2025-06,2025-05-13T00:00:00,2025-05-18T00:00:00,協力業者J社
CST-00300,PRJ-0105,労務費,39479,確定請求,2024-03,2024-04,2024-03-24T00:00:00,2024-03-26T00:00:00,資材メーカーC
CST-00301,PRJ-0111,外注費,68768,確定請求,2024-10,2024-11,2024-10-22T00:00:00,2024-10-27T00:00:00,協力業者L社
CST-00302,PRJ-0055,労務費,18017,確定請求,2024-01,2024-02,2024-01-16T00:00:00,2024-01-20T00:00:00,協力業者J社
CST-00303,PRJ-0066,材料費,5372,確定請求,2027-01,2027-02,2027-01-14T00:00:00,2027-01-16T00:00:00,協力業者M社
CST-00304,PRJ-0199,材料費,70515,確定請求,2025-05,2025-06,2025-05-20T00:00:00,2025-05-22T00:00:00,協力業者J社
CST-00305,PRJ-0054,外注費,33822,現場見込み,2024-04,2024-05,2024-04-14T00:00:00,,協力業者L社
CST-00306,PRJ-0167,外注費,8054,現場見込み,2026-01,2026-02,2026-01-29T00:00:00,,資材メーカーD
CST-00307,PRJ-0049,労務費,64082,確定請求,2024-07,2024-08,2024-07-24T00:00:00,2024-07-26T00:00:00,協力業者G社
CST-00308,PRJ-0022,外注費,64413,確定請求,2025-04,2025-05,2025-04-11T00:00:00,2025-04-12T00:00:00,資材メーカーC
CST-00309,PRJ-0117,外注費,66177,口頭発注,2023-11,2023-12,2023-12-08T00:00:00,,協力業者T社
CST-00310,PRJ-0166,外注費,9982,口頭発注,2026-08,2026-09,2026-08-16T00:00:00,,協力業者H社
CST-00311,PRJ-0165,労務費,42772,確定請求,2024-08,2024-09,2024-08-18T00:00:00,2024-08-19T00:00:00,資材メーカーI
CST-00312,PRJ-0090,外注費,33567,確定請求,2024-11,2024-12,2024-11-29T00:00:00,2024-11-29T00:00:00,協力業者H社
CST-00313,PRJ-0091,材料費,14474,確定請求,2024-08,2024-09,2024-08-10T00:00:00,2024-08-10T00:00:00,協力業者K社
CST-00314,PRJ-0114,外注費,15228,確定請求,2024-11,2024-12,2024-11-16T00:00:00,2024-11-17T00:00:00,協力業者A社
CST-00315,PRJ-0129,材料費,41368,確定請求,2025-08,2025-09,2025-08-17T00:00:00,2025-08-20T00:00:00,資材メーカーA
CST-00316,PRJ-0168,外注費,94248,現場見込み,2025-09,2025-10,2025-09-27T00:00:00,,協力業者G社
CST-00317,PRJ-0025,材料費,10025,確定請求,2026-10,2026-11,2026-10-27T00:00:00,2026-10-27T00:00:00,協力業者J社
CST-00318,PRJ-0093,労務費,18976,確定請求,2024-05,2024-06,2024-05-07T00:00:00,2024-05-11T00:00:00,協力業者S社
CST-00319,PRJ-0193,材料費,49868,現場見込み,2024-06,2024-07,2024-06-05T00:00:00,,資材メーカーJ
CST-00320,PRJ-0061,材料費,64433,口頭発注,2024-01,2024-02,2024-01-19T00:00:00,,資材メーカーI
CST-00321,PRJ-0010,外注費,54076,確定請求,2024-05,2024-06,2024-05-19T00:00:00,2024-05-22T00:00:00,資材メーカーG
CST-00322,PRJ-0173,材料費,25649,確定請求,2024-03,2024-04,2024-03-31T00:00:00,2024-03-31T00:00:00,資材メーカーJ
CST-00323,PRJ-0010,経費,33644,確定請求,2024-04,2024-05,2024-05-08T00:00:00,2024-05-12T00:00:00,協力業者J社
CST-00324,PRJ-0192,労務費,11860,確定請求,2024-01,2024-02,2024-01-29T00:00:00,2024-01-31T00:00:00,資材メーカーJ
CST-00325,PRJ-0055,労務費,22190,確定請求,2024-07,2024-08,2024-07-26T00:00:00,2024-07-30T00:00:00,資材メーカーA
CST-00326,PRJ-0048,外注費,24527,現場見込み,2024-02,2024-03,2024-02-20T00:00:00,,資材メーカーI
CST-00327,PRJ-0063,外注費,110047,確定請求,2025-06,2025-07,2025-06-25T00:00:00,2025-06-27T00:00:00,協力業者Q社
CST-00328,PRJ-0159,労務費,9909,確定請求,2024-06,2024-07,2024-06-22T00:00:00,2024-06-24T00:00:00,資材メーカーF
CST-00329,PRJ-0174,労務費,78827,現場見込み,2024-03,2024-04,2024-03-15T00:00:00,,資材メーカーD
CST-00330,PRJ-0198,経費,42815,口頭発注,2026-03,2026-04,2026-03-31T00:00:00,,協力業者I社
CST-00331,PRJ-0029,材料費,7419,現場見込み,2023-10,2023-11,2023-10-07T00:00:00,,資材メーカーD
CST-00332,PRJ-0060,外注費,91139,現場見込み,2024-10,2024-11,2024-10-31T00:00:00,,協力業者J社
CST-00333,PRJ-0095,外注費,98225,確定請求,2026-03,2026-04,2026-03-19T00:00:00,2026-03-20T00:00:00,資材メーカーE
CST-00334,PRJ-0150,外注費,5397,確定請求,2025-10,2025-11,2025-10-14T00:00:00,2025-10-17T00:00:00,資材メーカーH
CST-00335,PRJ-0110,材料費,28096,確定請求,2026-03,2026-04,2026-03-16T00:00:00,2026-03-19T00:00:00,協力業者K社
CST-00336,PRJ-0190,労務費,46370,確定請求,2024-09,2024-10,2024-09-12T00:00:00,2024-09-15T00:00:00,協力業者F社
CST-00337,PRJ-0022,経費,49526,口頭発注,2024-08,2024-09,2024-08-09T00:00:00,,資材メーカーJ
CST-00338,PRJ-0009,外注費,36459,確定請求,2023-05,2023-06,2023-05-25T00:00:00,2023-05-26T00:00:00,協力業者I社
CST-00339,PRJ-0104,外注費,68013,確定請求,2025-09,2025-10,2025-09-08T00:00:00,2025-09-10T00:00:00,資材メーカーE
CST-00340,PRJ-0075,労務費,37095,確定請求,2025-06,2025-07,2025-06-11T00:00:00,2025-06-11T00:00:00,協力業者S社
CST-00341,PRJ-0023,外注費,73308,確定請求,2026-02,2026-03,2026-02-17T00:00:00,2026-02-22T00:00:00,資材メーカーA
CST-00342,PRJ-0051,経費,73526,口頭発注,2025-06,2025-07,2025-06-18T00:00:00,,協力業者B社
CST-00343,PRJ-0072,外注費,48763,確定請求,2026-08,2026-09,2026-08-08T00:00:00,2026-08-11T00:00:00,協力業者J社
CST-00344,PRJ-0193,外注費,45901,確定請求,2026-03,2026-04,2026-04-02T00:00:00,2026-04-07T00:00:00,協力業者Q社
CST-00345,PRJ-0176,材料費,68268,確定請求,2025-01,2025-02,2025-01-19T00:00:00,2025-01-21T00:00:00,資材メーカーA
CST-00346,PRJ-0163,材料費,121248,確定請求,2024-10,2024-11,2024-10-21T00:00:00,2024-10-24T00:00:00,協力業者H社
CST-00347,PRJ-0178,材料費,82376,確定請求,2026-03,2026-04,2026-03-24T00:00:00,2026-03-26T00:00:00,協力業者O社
CST-00348,PRJ-0070,労務費,27256,現場見込み,2024-10,2024-11,2024-11-01T00:00:00,,資材メーカーC
CST-00349,PRJ-0013,外注費,31959,口頭発注,2025-04,2025-05,2025-05-07T00:00:00,,資材メーカーE
CST-00350,PRJ-0043,外注費,3217,確定請求,2024-06,2024-07,2024-06-19T00:00:00,2024-06-24T00:00:00,資材メーカーE
CST-00351,PRJ-0139,外注費,81766,確定請求,2025-09,2025-10,2025-09-27T00:00:00,2025-10-01T00:00:00,資材メーカーH
CST-00352,PRJ-0178,外注費,90150,確定請求,2027-01,2027-02,2027-01-15T00:00:00,2027-01-15T00:00:00,協力業者Q社
CST-00353,PRJ-0081,労務費,77577,口頭発注,2025-11,2025-12,2025-11-19T00:00:00,,協力業者D社
CST-00354,PRJ-0195,労務費,9307,確定請求,2027-05,2027-06,2027-05-10T00:00:00,2027-05-11T00:00:00,資材メーカーI
CST-00355,PRJ-0113,材料費,81220,現場見込み,2025-04,2025-05,2025-04-11T00:00:00,,協力業者R社
CST-00356,PRJ-0111,材料費,70487,確定請求,2023-11,2023-12,2023-12-04T00:00:00,2023-12-07T00:00:00,協力業者K社
CST-00357,PRJ-0047,材料費,17515,確定請求,2023-06,2023-07,2023-06-24T00:00:00,2023-06-29T00:00:00,資材メーカーB
CST-00358,PRJ-0184,材料費,31495,確定請求,2025-11,2025-12,2025-11-07T00:00:00,2025-11-11T00:00:00,協力業者P社
CST-00359,PRJ-0030,外注費,57687,確定請求,2024-12,2025-01,2024-12-28T00:00:00,2024-12-31T00:00:00,資材メーカーF
CST-00360,PRJ-0133,外注費,47276,確定請求,2025-05,2025-06,2025-05-26T00:00:00,2025-05-29T00:00:00,協力業者Q社
CST-00361,PRJ-0178,外注費,96047,確定請求,2027-05,2027-06,2027-05-18T00:00:00,2027-05-21T00:00:00,協力業者B社
CST-00362,PRJ-0199,外注費,80894,確定請求,2025-11,2025-12,2025-11-02T00:00:00,2025-11-05T00:00:00,資材メーカーD
CST-00363,PRJ-0198,労務費,37689,口頭発注,2025-02,2025-03,2025-02-19T00:00:00,,資材メーカーG
CST-00364,PRJ-0121,材料費,86711,確定請求,2024-08,2024-09,2024-08-14T00:00:00,2024-08-14T00:00:00,協力業者G社
CST-00365,PRJ-0021,労務費,17256,現場見込み,2025-03,2025-04,2025-03-28T00:00:00,,協力業者N社
CST-00366,PRJ-0147,外注費,30054,確定請求,2024-08,2024-09,2024-08-27T00:00:00,2024-08-27T00:00:00,協力業者R社
CST-00367,PRJ-0067,外注費,56471,確定請求,2027-01,2027-02,2027-01-11T00:00:00,2027-01-14T00:00:00,協力業者B社
CST-00368,PRJ-0066,外注費,8905,確定請求,2025-12,2026-01,2026-01-03T00:00:00,2026-01-08T00:00:00,資材メーカーE
CST-00369,PRJ-0021,材料費,38219,確定請求,2025-09,2025-10,2025-10-07T00:00:00,2025-10-10T00:00:00,協力業者L社
CST-00370,PRJ-0092,材料費,69486,確定請求,2024-03,2024-04,2024-03-15T00:00:00,2024-03-20T00:00:00,協力業者M社
CST-00371,PRJ-0059,材料費,13501,口頭発注,2024-04,2024-05,2024-04-27T00:00:00,,資材メーカーH
CST-00372,PRJ-0010,外注費,49760,確定請求,2024-07,2024-08,2024-07-07T00:00:00,2024-07-07T00:00:00,資材メーカーA
CST-00373,PRJ-0061,材料費,63229,確定請求,2023-09,2023-10,2023-09-23T00:00:00,2023-09-27T00:00:00,協力業者R社
CST-00374,PRJ-0099,労務費,40236,確定請求,2025-04,2025-05,2025-04-10T00:00:00,2025-04-10T00:00:00,資材メーカーD
CST-00375,PRJ-0103,外注費,130987,確定請求,2023-05,2023-06,2023-05-21T00:00:00,2023-05-26T00:00:00,協力業者J社
CST-00376,PRJ-0163,経費,83072,確定請求,2025-05,2025-06,2025-05-21T00:00:00,2025-05-22T00:00:00,協力業者R社
CST-00377,PRJ-0092,外注費,67605,確定請求,2024-01,2024-02,2024-01-12T00:00:00,2024-01-13T00:00:00,協力業者O社
CST-00378,PRJ-0166,労務費,15213,口頭発注,2026-09,2026-10,2026-09-23T00:00:00,,協力業者G社
CST-00379,PRJ-0059,労務費,13673,確定請求,2023-06,2023-07,2023-06-08T00:00:00,2023-06-12T00:00:00,資材メーカーF
CST-00380,PRJ-0193,経費,26284,現場見込み,2024-05,2024-06,2024-05-15T00:00:00,,協力業者H社
CST-00381,PRJ-0034,外注費,21224,現場見込み,2024-09,2024-10,2024-10-05T00:00:00,,協力業者D社
CST-00382,PRJ-0099,材料費,47415,確定請求,2024-12,2025-01,2025-01-10T00:00:00,2025-01-15T00:00:00,協力業者O社
CST-00383,PRJ-0111,外注費,59533,確定請求,2023-07,2023-08,2023-07-30T00:00:00,2023-08-02T00:00:00,協力業者H社
CST-00384,PRJ-0048,労務費,22409,確定請求,2024-01,2024-02,2024-01-29T00:00:00,2024-01-30T00:00:00,協力業者H社
CST-00385,PRJ-0163,経費,120905,確定請求,2024-05,2024-06,2024-05-11T00:00:00,2024-05-13T00:00:00,協力業者E社
CST-00386,PRJ-0183,外注費,136549,現場見込み,2026-03,2026-04,2026-04-06T00:00:00,,資材メーカーG
CST-00387,PRJ-0158,外注費,43513,口頭発注,2026-02,2026-03,2026-02-22T00:00:00,,協力業者S社
CST-00388,PRJ-0183,外注費,65742,現場見込み,2026-06,2026-07,2026-06-29T00:00:00,,協力業者H社
CST-00389,PRJ-0137,外注費,55930,確定請求,2024-03,2024-04,2024-03-18T00:00:00,2024-03-19T00:00:00,資材メーカーB
CST-00390,PRJ-0123,材料費,58653,確定請求,2026-06,2026-07,2026-07-05T00:00:00,2026-07-05T00:00:00,協力業者J社
CST-00391,PRJ-0031,外注費,2745,確定請求,2024-03,2024-04,2024-03-15T00:00:00,2024-03-19T00:00:00,資材メーカーA
CST-00392,PRJ-0031,外注費,2419,現場見込み,2024-08,2024-09,2024-08-25T00:00:00,,協力業者B社
CST-00393,PRJ-0161,労務費,87234,確定請求,2027-03,2027-04,2027-03-16T00:00:00,2027-03-20T00:00:00,資材メーカーA
CST-00394,PRJ-0041,労務費,47452,確定請求,2026-05,2026-06,2026-06-04T00:00:00,2026-06-07T00:00:00,資材メーカーC
CST-00395,PRJ-0167,外注費,12087,確定請求,2025-11,2025-12,2025-12-04T00:00:00,2025-12-05T00:00:00,協力業者J社
CST-00396,PRJ-0069,外注費,73848,確定請求,2025-02,2025-03,2025-02-16T00:00:00,2025-02-17T00:00:00,協力業者P社
CST-00397,PRJ-0106,外注費,15894,確定請求,2026-09,2026-10,2026-10-02T00:00:00,2026-10-05T00:00:00,資材メーカーH
CST-00398,PRJ-0119,材料費,88097,現場見込み,2024-07,2024-08,2024-08-03T00:00:00,,協力業者B社
CST-00399,PRJ-0053,材料費,70146,現場見込み,2025-02,2025-03,2025-03-03T00:00:00,,協力業者N社
CST-00400,PRJ-0188,材料費,77197,確定請求,2027-03,2027-04,2027-03-17T00:00:00,2027-03-18T00:00:00,協力業者E社
CST-00401,PRJ-0142,材料費,123975,確定請求,2023-08,2023-09,2023-08-11T00:00:00,2023-08-16T00:00:00,協力業者G社
CST-00402,PRJ-0057,外注費,3850,確定請求,2025-05,2025-06,2025-05-22T00:00:00,2025-05-24T00:00:00,資材メーカーJ
CST-00403,PRJ-0086,外注費,68275,確定請求,2023-11,2023-12,2023-11-18T00:00:00,2023-11-18T00:00:00,協力業者R社
CST-00404,PRJ-0080,材料費,20518,確定請求,2025-03,2025-04,2025-04-06T00:00:00,2025-04-10T00:00:00,協力業者M社
CST-00405,PRJ-0077,材料費,61221,確定請求,2023-09,2023-10,2023-09-20T00:00:00,2023-09-21T00:00:00,資材メーカーH
CST-00406,PRJ-0133,外注費,40405,確定請求,2026-08,2026-09,2026-09-06T00:00:00,2026-09-07T00:00:00,資材メーカーD
CST-00407,PRJ-0053,労務費,91377,確定請求,2025-05,2025-06,2025-05-07T00:00:00,2025-05-09T00:00:00,協力業者G社
CST-00408,PRJ-0064,材料費,27579,確定請求,2024-04,2024-05,2024-04-08T00:00:00,2024-04-13T00:00:00,協力業者G社
CST-00409,PRJ-0053,経費,90678,確定請求,2024-04,2024-05,2024-05-04T00:00:00,2024-05-05T00:00:00,資材メーカーD
CST-00410,PRJ-0177,労務費,29357,確定請求,2025-07,2025-08,2025-07-11T00:00:00,2025-07-14T00:00:00,協力業者T社
CST-00411,PRJ-0094,外注費,1943,確定請求,2024-02,2024-03,2024-02-09T00:00:00,2024-02-11T00:00:00,協力業者R社
CST-00412,PRJ-0127,労務費,34508,現場見込み,2024-05,2024-06,2024-06-09T00:00:00,,協力業者O社
CST-00413,PRJ-0139,外注費,57035,確定請求,2025-01,2025-02,2025-01-30T00:00:00,2025-02-01T00:00:00,協力業者J社
CST-00414,PRJ-0063,経費,86735,確定請求,2024-12,2025-01,2025-01-03T00:00:00,2025-01-06T00:00:00,資材メーカーI
CST-00415,PRJ-0081,労務費,120531,確定請求,2025-03,2025-04,2025-04-02T00:00:00,2025-04-04T00:00:00,資材メーカーF
CST-00416,PRJ-0139,材料費,51805,確定請求,2024-08,2024-09,2024-08-25T00:00:00,2024-08-28T00:00:00,協力業者L社
CST-00417,PRJ-0087,外注費,29851,確定請求,2024-08,2024-09,2024-08-07T00:00:00,2024-08-12T00:00:00,協力業者S社
CST-00418,PRJ-0128,経費,40832,確定請求,2024-01,2024-02,2024-01-09T00:00:00,2024-01-13T00:00:00,協力業者A社
CST-00419,PRJ-0161,経費,96597,確定請求,2027-03,2027-04,2027-03-15T00:00:00,2027-03-20T00:00:00,協力業者S社
CST-00420,PRJ-0069,労務費,56243,現場見込み,2024-12,2025-01,2024-12-15T00:00:00,,協力業者J社
CST-00421,PRJ-0133,外注費,40582,口頭発注,2025-07,2025-08,2025-07-27T00:00:00,,協力業者K社
CST-00422,PRJ-0046,材料費,93475,確定請求,2026-06,2026-07,2026-07-03T00:00:00,2026-07-06T00:00:00,協力業者S社
CST-00423,PRJ-0130,外注費,30234,現場見込み,2025-08,2025-09,2025-08-08T00:00:00,,資材メーカーA
CST-00424,PRJ-0039,労務費,71171,口頭発注,2024-02,2024-03,2024-03-01T00:00:00,,資材メーカーE
CST-00425,PRJ-0161,外注費,89117,現場見込み,2026-11,2026-12,2026-11-25T00:00:00,,資材メーカーA
CST-00426,PRJ-0094,外注費,2204,確定請求,2024-09,2024-10,2024-09-22T00:00:00,2024-09-23T00:00:00,協力業者F社
CST-00427,PRJ-0077,材料費,48444,確定請求,2023-12,2024-01,2024-01-08T00:00:00,2024-01-11T00:00:00,資材メーカーD
CST-00428,PRJ-0122,経費,58446,確定請求,2025-05,2025-06,2025-05-22T00:00:00,2025-05-27T00:00:00,資材メーカーJ
CST-00429,PRJ-0194,材料費,8843,現場見込み,2023-06,2023-07,2023-06-26T00:00:00,,協力業者Q社
CST-00430,PRJ-0060,外注費,104136,確定請求,2023-10,2023-11,2023-10-22T00:00:00,2023-10-22T00:00:00,資材メーカーG
CST-00431,PRJ-0052,外注費,105601,確定請求,2024-10,2024-11,2024-10-30T00:00:00,2024-10-30T00:00:00,協力業者E社
CST-00432,PRJ-0167,労務費,6331,確定請求,2025-11,2025-12,2025-12-02T00:00:00,2025-12-06T00:00:00,協力業者A社
CST-00433,PRJ-0007,材料費,56818,確定請求,2026-02,2026-03,2026-02-24T00:00:00,2026-02-28T00:00:00,協力業者L社
CST-00434,PRJ-0191,外注費,30941,口頭発注,2027-04,2027-05,2027-05-02T00:00:00,,資材メーカーB
CST-00435,PRJ-0038,外注費,92787,確定請求,2023-06,2023-07,2023-06-19T00:00:00,2023-06-23T00:00:00,協力業者A社
CST-00436,PRJ-0155,外注費,30641,現場見込み,2024-09,2024-10,2024-09-28T00:00:00,,協力業者A社
CST-00437,PRJ-0107,外注費,61158,確定請求,2024-06,2024-07,2024-07-01T00:00:00,2024-07-01T00:00:00,協力業者R社
CST-00438,PRJ-0178,労務費,69880,現場見込み,2027-03,2027-04,2027-03-14T00:00:00,,資材メーカーG
CST-00439,PRJ-0022,材料費,52748,現場見込み,2024-03,2024-04,2024-03-12T00:00:00,,協力業者D社
CST-00440,PRJ-0151,材料費,121608,確定請求,2024-09,2024-10,2024-09-12T00:00:00,2024-09-13T00:00:00,協力業者E社
CST-00441,PRJ-0070,材料費,18841,口頭発注,2025-02,2025-03,2025-02-10T00:00:00,,協力業者Q社
CST-00442,PRJ-0108,材料費,46111,確定請求,2024-04,2024-05,2024-04-30T00:00:00,2024-04-30T00:00:00,協力業者I社
CST-00443,PRJ-0022,労務費,47546,確定請求,2024-09,2024-10,2024-10-03T00:00:00,2024-10-07T00:00:00,協力業者M社
CST-00444,PRJ-0172,外注費,36406,確定請求,2025-09,2025-10,2025-09-09T00:00:00,2025-09-11T00:00:00,資材メーカーC
CST-00445,PRJ-0125,外注費,89029,確定請求,2024-07,2024-08,2024-07-18T00:00:00,2024-07-23T00:00:00,資材メーカーG
CST-00446,PRJ-0080,材料費,39250,確定請求,2024-07,2024-08,2024-08-04T00:00:00,2024-08-07T00:00:00,協力業者C社
CST-00447,PRJ-0070,労務費,17516,確定請求,2024-10,2024-11,2024-10-12T00:00:00,2024-10-12T00:00:00,協力業者R社
CST-00448,PRJ-0002,労務費,62036,確定請求,2026-03,2026-04,2026-03-23T00:00:00,2026-03-23T00:00:00,協力業者A社
CST-00449,PRJ-0095,経費,51823,確定請求,2025-09,2025-10,2025-09-24T00:00:00,2025-09-29T00:00:00,資材メーカーH
CST-00450,PRJ-0017,材料費,57244,確定請求,2025-10,2025-11,2025-10-20T00:00:00,2025-10-24T00:00:00,協力業者S社
CST-00451,PRJ-0038,材料費,82488,現場見込み,2023-06,2023-07,2023-06-27T00:00:00,,協力業者H社
CST-00452,PRJ-0137,経費,87706,確定請求,2024-12,2025-01,2024-12-25T00:00:00,2024-12-28T00:00:00,資材メーカーI
CST-00453,PRJ-0200,外注費,29117,現場見込み,2024-11,2024-12,2024-11-15T00:00:00,,協力業者B社
CST-00454,PRJ-0171,材料費,64101,確定請求,2025-04,2025-05,2025-04-11T00:00:00,2025-04-15T00:00:00,資材メーカーJ
CST-00455,PRJ-0124,外注費,90759,確定請求,2024-11,2024-12,2024-11-23T00:00:00,2024-11-24T00:00:00,資材メーカーB
CST-00456,PRJ-0166,外注費,12200,確定請求,2026-10,2026-11,2026-11-04T00:00:00,2026-11-08T00:00:00,協力業者A社
CST-00457,PRJ-0197,労務費,16897,現場見込み,2024-02,2024-03,2024-02-15T00:00:00,,資材メーカーE
CST-00458,PRJ-0079,経費,61350,確定請求,2024-02,2024-03,2024-03-01T00:00:00,2024-03-05T00:00:00,協力業者J社
CST-00459,PRJ-0055,労務費,28880,確定請求,2023-12,2024-01,2023-12-18T00:00:00,2023-12-23T00:00:00,協力業者S社
CST-00460,PRJ-0169,外注費,44200,確定請求,2025-03,2025-04,2025-03-16T00:00:00,2025-03-19T00:00:00,協力業者R社
CST-00461,PRJ-0045,外注費,49283,確定請求,2025-06,2025-07,2025-07-01T00:00:00,2025-07-05T00:00:00,資材メーカーF
CST-00462,PRJ-0052,外注費,73129,確定請求,2024-10,2024-11,2024-10-11T00:00:00,2024-10-14T00:00:00,協力業者B社
CST-00463,PRJ-0058,外注費,54022,確定請求,2025-04,2025-05,2025-04-09T00:00:00,2025-04-11T00:00:00,資材メーカーG
CST-00464,PRJ-0193,外注費,25373,現場見込み,2026-01,2026-02,2026-01-14T00:00:00,,資材メーカーE
CST-00465,PRJ-0147,外注費,38780,確定請求,2025-05,2025-06,2025-05-31T00:00:00,2025-05-31T00:00:00,協力業者M社
CST-00466,PRJ-0086,材料費,102706,現場見込み,2024-08,2024-09,2024-08-25T00:00:00,,協力業者I社
CST-00467,PRJ-0154,労務費,13286,現場見込み,2024-02,2024-03,2024-03-05T00:00:00,,協力業者H社
CST-00468,PRJ-0139,外注費,94538,確定請求,2025-08,2025-09,2025-08-19T00:00:00,2025-08-20T00:00:00,協力業者M社
CST-00469,PRJ-0171,外注費,66273,確定請求,2025-04,2025-05,2025-04-09T00:00:00,2025-04-09T00:00:00,協力業者S社
CST-00470,PRJ-0111,外注費,52231,確定請求,2024-04,2024-05,2024-04-11T00:00:00,2024-04-16T00:00:00,資材メーカーF
CST-00471,PRJ-0071,外注費,77911,確定請求,2023-11,2023-12,2023-11-11T00:00:00,2023-11-12T00:00:00,協力業者C社
CST-00472,PRJ-0144,外注費,15628,現場見込み,2025-03,2025-04,2025-03-10T00:00:00,,資材メーカーC
CST-00473,PRJ-0124,経費,48510,確定請求,2025-02,2025-03,2025-02-26T00:00:00,2025-02-28T00:00:00,協力業者M社
CST-00474,PRJ-0111,経費,82982,確定請求,2023-09,2023-10,2023-09-28T00:00:00,2023-09-30T00:00:00,協力業者C社
CST-00475,PRJ-0054,外注費,52919,現場見込み,2025-04,2025-05,2025-04-21T00:00:00,,協力業者L社
CST-00476,PRJ-0097,外注費,26751,確定請求,2024-08,2024-09,2024-08-13T00:00:00,2024-08-14T00:00:00,協力業者E社
CST-00477,PRJ-0081,経費,78320,確定請求,2025-09,2025-10,2025-09-20T00:00:00,2025-09-24T00:00:00,協力業者O社
CST-00478,PRJ-0170,外注費,28571,確定請求,2025-12,2026-01,2025-12-31T00:00:00,2025-12-31T00:00:00,協力業者N社
CST-00479,PRJ-0181,材料費,34173,確定請求,2024-01,2024-02,2024-01-22T00:00:00,2024-01-22T00:00:00,協力業者L社
CST-00480,PRJ-0040,外注費,14378,確定請求,2024-11,2024-12,2024-11-17T00:00:00,2024-11-20T00:00:00,協力業者T社
CST-00481,PRJ-0193,外注費,42001,口頭発注,2024-05,2024-06,2024-05-14T00:00:00,,協力業者J社
CST-00482,PRJ-0031,材料費,3450,確定請求,2024-06,2024-07,2024-06-27T00:00:00,2024-07-02T00:00:00,資材メーカーE
CST-00483,PRJ-0103,労務費,86340,確定請求,2024-11,2024-12,2024-11-16T00:00:00,2024-11-20T00:00:00,資材メーカーI
CST-00484,PRJ-0162,材料費,33712,確定請求,2026-05,2026-06,2026-05-08T00:00:00,2026-05-09T00:00:00,協力業者F社
CST-00485,PRJ-0010,労務費,34698,確定請求,2024-07,2024-08,2024-07-09T00:00:00,2024-07-11T00:00:00,協力業者I社
CST-00486,PRJ-0158,労務費,39592,現場見込み,2026-08,2026-09,2026-08-11T00:00:00,,協力業者E社
CST-00487,PRJ-0070,外注費,26029,口頭発注,2024-06,2024-07,2024-06-23T00:00:00,,協力業者N社
CST-00488,PRJ-0139,材料費,100465,確定請求,2025-03,2025-04,2025-04-07T00:00:00,2025-04-07T00:00:00,協力業者J社
CST-00489,PRJ-0073,外注費,12646,確定請求,2026-10,2026-11,2026-10-16T00:00:00,2026-10-21T00:00:00,協力業者I社
CST-00490,PRJ-0038,材料費,102065,確定請求,2024-02,2024-03,2024-02-20T00:00:00,2024-02-21T00:00:00,協力業者T社
CST-00491,PRJ-0058,経費,36328,確定請求,2025-11,2025-12,2025-11-27T00:00:00,2025-11-29T00:00:00,協力業者D社
CST-00492,PRJ-0005,材料費,77219,確定請求,2024-03,2024-04,2024-03-26T00:00:00,2024-03-30T00:00:00,協力業者M社
CST-00493,PRJ-0002,材料費,39033,確定請求,2025-06,2025-07,2025-07-06T00:00:00,2025-07-09T00:00:00,資材メーカーF
CST-00494,PRJ-0153,労務費,45411,確定請求,2025-03,2025-04,2025-03-12T00:00:00,2025-03-13T00:00:00,協力業者N社
CST-00495,PRJ-0113,労務費,82661,確定請求,2024-11,2024-12,2024-11-29T00:00:00,2024-12-04T00:00:00,協力業者K社
CST-00496,PRJ-0127,外注費,34780,確定請求,2024-02,2024-03,2024-03-06T00:00:00,2024-03-07T00:00:00,協力業者P社
CST-00497,PRJ-0185,労務費,70671,確定請求,2026-05,2026-06,2026-05-08T00:00:00,2026-05-13T00:00:00,協力業者K社
CST-00498,PRJ-0140,材料費,39711,確定請求,2024-10,2024-11,2024-10-30T00:00:00,2024-11-01T00:00:00,協力業者S社
CST-00499,PRJ-0100,材料費,10005,現場見込み,2026-03,2026-04,2026-03-22T00:00:00,,協力業者I社
CST-00500,PRJ-0058,労務費,49614,確定請求,2025-08,2025-09,2025-08-31T00:00:00,2025-09-01T00:00:00,協力業者D社
CST-00501,PRJ-0061,外注費,31202,確定請求,2023-09,2023-10,2023-09-26T00:00:00,2023-09-26T00:00:00,資材メーカーB
CST-00502,PRJ-0089,労務費,99711,現場見込み,2025-04,2025-05,2025-04-11T00:00:00,,資材メーカーC
CST-00503,PRJ-0063,材料費,62271,確定請求,2024-11,2024-12,2024-11-23T00:00:00,2024-11-28T00:00:00,資材メーカーF
CST-00504,PRJ-0066,外注費,5744,確定請求,2025-09,2025-10,2025-09-15T00:00:00,2025-09-20T00:00:00,資材メーカーG
CST-00505,PRJ-0139,経費,101101,確定請求,2025-06,2025-07,2025-06-23T00:00:00,2025-06-24T00:00:00,協力業者E社
CST-00506,PRJ-0170,材料費,27733,現場見込み,2025-10,2025-11,2025-10-26T00:00:00,,資材メーカーB
CST-00507,PRJ-0116,外注費,56508,確定請求,2026-02,2026-03,2026-02-28T00:00:00,2026-02-28T00:00:00,資材メーカーF
CST-00508,PRJ-0153,労務費,58633,確定請求,2025-04,2025-05,2025-05-07T00:00:00,2025-05-11T00:00:00,協力業者T社
CST-00509,PRJ-0051,材料費,82061,現場見込み,2025-09,2025-10,2025-09-18T00:00:00,,協力業者R社
CST-00510,PRJ-0186,材料費,39575,現場見込み,2025-05,2025-06,2025-05-19T00:00:00,,協力業者N社
CST-00511,PRJ-0020,外注費,15774,確定請求,2024-06,2024-07,2024-06-07T00:00:00,2024-06-12T00:00:00,資材メーカーF
CST-00512,PRJ-0006,材料費,3357,確定請求,2024-04,2024-05,2024-04-05T00:00:00,2024-04-05T00:00:00,協力業者T社
CST-00513,PRJ-0131,労務費,4406,確定請求,2026-04,2026-05,2026-04-26T00:00:00,2026-04-27T00:00:00,資材メーカーB
CST-00514,PRJ-0129,材料費,34001,現場見込み,2025-02,2025-03,2025-02-11T00:00:00,,協力業者S社
CST-00515,PRJ-0094,労務費,2489,確定請求,2024-05,2024-06,2024-05-14T00:00:00,2024-05-14T00:00:00,資材メーカーF
CST-00516,PRJ-0117,材料費,153144,確定請求,2023-10,2023-11,2023-10-14T00:00:00,2023-10-15T00:00:00,協力業者D社
CST-00517,PRJ-0154,外注費,15926,確定請求,2024-03,2024-04,2024-03-13T00:00:00,2024-03-17T00:00:00,資材メーカーD
CST-00518,PRJ-0020,労務費,23654,現場見込み,2024-12,2025-01,2024-12-13T00:00:00,,協力業者O社
CST-00519,PRJ-0129,外注費,43131,確定請求,2025-08,2025-09,2025-08-11T00:00:00,2025-08-16T00:00:00,協力業者O社
CST-00520,PRJ-0024,外注費,111785,確定請求,2026-05,2026-06,2026-05-16T00:00:00,2026-05-16T00:00:00,協力業者E社
CST-00521,PRJ-0147,材料費,42724,確定請求,2025-03,2025-04,2025-04-03T00:00:00,2025-04-06T00:00:00,協力業者D社
CST-00522,PRJ-0164,材料費,172463,現場見込み,2024-12,2025-01,2024-12-22T00:00:00,,協力業者D社
CST-00523,PRJ-0018,外注費,20715,確定請求,2024-11,2024-12,2024-11-07T00:00:00,2024-11-10T00:00:00,協力業者J社
CST-00524,PRJ-0125,外注費,47478,確定請求,2024-09,2024-10,2024-09-14T00:00:00,2024-09-17T00:00:00,協力業者G社
CST-00525,PRJ-0143,経費,23682,確定請求,2024-07,2024-08,2024-07-29T00:00:00,2024-08-01T00:00:00,協力業者P社
CST-00526,PRJ-0129,材料費,60639,確定請求,2025-09,2025-10,2025-09-03T00:00:00,2025-09-05T00:00:00,協力業者K社
CST-00527,PRJ-0140,外注費,30518,確定請求,2023-07,2023-08,2023-07-29T00:00:00,2023-07-29T00:00:00,資材メーカーF
CST-00528,PRJ-0158,材料費,27202,口頭発注,2026-03,2026-04,2026-03-11T00:00:00,,資材メーカーA
CST-00529,PRJ-0018,外注費,14815,口頭発注,2024-04,2024-05,2024-05-01T00:00:00,,資材メーカーJ
CST-00530,PRJ-0025,労務費,9723,確定請求,2027-05,2027-06,2027-05-23T00:00:00,2027-05-24T00:00:00,協力業者F社
CST-00531,PRJ-0033,外注費,42189,確定請求,2024-02,2024-03,2024-02-20T00:00:00,2024-02-23T00:00:00,協力業者R社
CST-00532,PRJ-0061,外注費,95381,確定請求,2023-10,2023-11,2023-10-20T00:00:00,2023-10-25T00:00:00,資材メーカーF
CST-00533,PRJ-0145,労務費,75598,確定請求,2025-10,2025-11,2025-11-03T00:00:00,2025-11-06T00:00:00,協力業者F社
CST-00534,PRJ-0152,労務費,57399,確定請求,2025-08,2025-09,2025-08-31T00:00:00,2025-09-01T00:00:00,資材メーカーD
CST-00535,PRJ-0093,経費,6787,確定請求,2024-01,2024-02,2024-01-28T00:00:00,2024-01-31T00:00:00,協力業者S社
CST-00536,PRJ-0069,材料費,49292,確定請求,2024-05,2024-06,2024-05-19T00:00:00,2024-05-20T00:00:00,資材メーカーC
CST-00537,PRJ-0020,外注費,13670,口頭発注,2025-02,2025-03,2025-02-06T00:00:00,,資材メーカーE
CST-00538,PRJ-0069,外注費,80022,確定請求,2025-03,2025-04,2025-03-13T00:00:00,2025-03-14T00:00:00,協力業者D社
CST-00539,PRJ-0101,外注費,31038,確定請求,2025-03,2025-04,2025-03-14T00:00:00,2025-03-17T00:00:00,協力業者K社
CST-00540,PRJ-0179,外注費,83305,口頭発注,2025-03,2025-04,2025-03-26T00:00:00,,協力業者I社
CST-00541,PRJ-0157,労務費,20576,現場見込み,2025-04,2025-05,2025-04-18T00:00:00,,資材メーカーA
CST-00542,PRJ-0189,外注費,15641,口頭発注,2026-08,2026-09,2026-09-02T00:00:00,,協力業者M社
CST-00543,PRJ-0169,労務費,50414,確定請求,2024-11,2024-12,2024-11-03T00:00:00,2024-11-05T00:00:00,協力業者S社
CST-00544,PRJ-0157,労務費,23144,確定請求,2025-01,2025-02,2025-01-20T00:00:00,2025-01-24T00:00:00,資材メーカーH
CST-00545,PRJ-0033,材料費,55092,確定請求,2024-01,2024-02,2024-01-09T00:00:00,2024-01-13T00:00:00,資材メーカーG
CST-00546,PRJ-0065,材料費,43039,確定請求,2026-07,2026-08,2026-07-21T00:00:00,2026-07-23T00:00:00,協力業者C社
CST-00547,PRJ-0164,材料費,122839,現場見込み,2025-01,2025-02,2025-01-10T00:00:00,,協力業者H社
CST-00548,PRJ-0160,外注費,4106,確定請求,2025-08,2025-09,2025-09-06T00:00:00,2025-09-11T00:00:00,協力業者F社
CST-00549,PRJ-0200,材料費,37502,現場見込み,2024-09,2024-10,2024-09-15T00:00:00,,協力業者Q社
CST-00550,PRJ-0004,外注費,5444,確定請求,2025-02,2025-03,2025-02-05T00:00:00,2025-02-09T00:00:00,協力業者T社
CST-00551,PRJ-0041,外注費,70564,現場見込み,2026-08,2026-09,2026-08-05T00:00:00,,協力業者N社
CST-00552,PRJ-0167,外注費,9670,現場見込み,2026-05,2026-06,2026-05-28T00:00:00,,資材メーカーA
CST-00553,PRJ-0035,外注費,55224,確定請求,2025-09,2025-10,2025-09-27T00:00:00,2025-10-01T00:00:00,資材メーカーJ
CST-00554,PRJ-0028,外注費,16065,現場見込み,2026-02,2026-03,2026-02-12T00:00:00,,協力業者P社
CST-00555,PRJ-0059,労務費,9919,現場見込み,2023-07,2023-08,2023-08-01T00:00:00,,協力業者F社
CST-00556,PRJ-0111,材料費,83923,現場見込み,2024-09,2024-10,2024-09-14T00:00:00,,協力業者T社
CST-00557,PRJ-0175,外注費,89817,確定請求,2025-03,2025-04,2025-04-04T00:00:00,2025-04-05T00:00:00,協力業者A社
CST-00558,PRJ-0149,労務費,3803,現場見込み,2024-06,2024-07,2024-06-08T00:00:00,,資材メーカーG
CST-00559,PRJ-0021,材料費,30694,確定請求,2025-11,2025-12,2025-11-20T00:00:00,2025-11-23T00:00:00,資材メーカーA
CST-00560,PRJ-0040,外注費,11961,確定請求,2024-09,2024-10,2024-09-26T00:00:00,2024-09-29T00:00:00,協力業者N社
CST-00561,PRJ-0037,外注費,19369,確定請求,2024-11,2024-12,2024-12-05T00:00:00,2024-12-05T00:00:00,協力業者C社
CST-00562,PRJ-0001,外注費,44136,確定請求,2024-12,2025-01,2024-12-13T00:00:00,2024-12-13T00:00:00,協力業者H社
CST-00563,PRJ-0149,外注費,4052,確定請求,2024-07,2024-08,2024-07-21T00:00:00,2024-07-23T00:00:00,協力業者H社
CST-00564,PRJ-0010,材料費,36084,確定請求,2024-07,2024-08,2024-07-27T00:00:00,2024-07-31T00:00:00,資材メーカーE
CST-00565,PRJ-0151,外注費,234605,現場見込み,2024-12,2025-01,2025-01-06T00:00:00,,資材メーカーE
CST-00566,PRJ-0181,材料費,30264,確定請求,2024-08,2024-09,2024-08-26T00:00:00,2024-08-26T00:00:00,協力業者D社
CST-00567,PRJ-0027,材料費,58066,確定請求,2026-01,2026-02,2026-02-09T00:00:00,2026-02-11T00:00:00,資材メーカーE
CST-00568,PRJ-0123,外注費,40455,確定請求,2026-11,2026-12,2026-11-10T00:00:00,2026-11-15T00:00:00,資材メーカーG
CST-00569,PRJ-0196,外注費,6816,現場見込み,2026-03,2026-04,2026-03-20T00:00:00,,協力業者R社
CST-00570,PRJ-0055,外注費,14315,現場見込み,2024-06,2024-07,2024-06-21T00:00:00,,協力業者D社
CST-00571,PRJ-0038,材料費,128456,確定請求,2023-11,2023-12,2023-11-02T00:00:00,2023-11-05T00:00:00,資材メーカーH
CST-00572,PRJ-0169,労務費,55672,確定請求,2024-09,2024-10,2024-10-01T00:00:00,2024-10-04T00:00:00,協力業者L社
CST-00573,PRJ-0050,材料費,60839,確定請求,2023-12,2024-01,2023-12-30T00:00:00,2023-12-31T00:00:00,資材メーカーE
CST-00574,PRJ-0121,外注費,66143,確定請求,2024-08,2024-09,2024-08-31T00:00:00,2024-09-05T00:00:00,資材メーカーD
CST-00575,PRJ-0105,外注費,34065,現場見込み,2024-05,2024-06,2024-06-07T00:00:00,,資材メーカーH
CST-00576,PRJ-0137,労務費,35140,口頭発注,2024-11,2024-12,2024-11-17T00:00:00,,協力業者N社
CST-00577,PRJ-0081,外注費,76333,確定請求,2025-12,2026-01,2025-12-19T00:00:00,2025-12-20T00:00:00,協力業者E社
CST-00578,PRJ-0019,経費,5439,確定請求,2023-10,2023-11,2023-10-10T00:00:00,2023-10-14T00:00:00,協力業者S社
CST-00579,PRJ-0125,材料費,61023,現場見込み,2023-12,2024-01,2023-12-31T00:00:00,,協力業者T社
CST-00580,PRJ-0094,材料費,3193,現場見込み,2023-11,2023-12,2023-11-27T00:00:00,,協力業者K社
CST-00581,PRJ-0175,材料費,60398,確定請求,2025-02,2025-03,2025-02-25T00:00:00,2025-03-01T00:00:00,協力業者S社
CST-00582,PRJ-0061,外注費,61444,確定請求,2023-08,2023-09,2023-08-11T00:00:00,2023-08-11T00:00:00,協力業者E社
CST-00583,PRJ-0024,経費,75143,確定請求,2025-09,2025-10,2025-09-26T00:00:00,2025-10-01T00:00:00,資材メーカーH
CST-00584,PRJ-0167,材料費,6180,確定請求,2025-11,2025-12,2025-11-21T00:00:00,2025-11-26T00:00:00,協力業者H社
CST-00585,PRJ-0014,外注費,48352,確定請求,2025-12,2026-01,2026-01-04T00:00:00,2026-01-09T00:00:00,資材メーカーG
CST-00586,PRJ-0155,経費,44737,確定請求,2024-09,2024-10,2024-09-11T00:00:00,2024-09-15T00:00:00,協力業者P社
CST-00587,PRJ-0142,労務費,81593,確定請求,2023-11,2023-12,2023-11-16T00:00:00,2023-11-19T00:00:00,協力業者I社
CST-00588,PRJ-0146,材料費,86399,現場見込み,2026-07,2026-08,2026-07-31T00:00:00,,協力業者C社
CST-00589,PRJ-0065,外注費,52258,現場見込み,2026-04,2026-05,2026-04-18T00:00:00,,協力業者Q社
CST-00590,PRJ-0103,経費,102381,確定請求,2024-05,2024-06,2024-05-09T00:00:00,2024-05-11T00:00:00,協力業者O社
CST-00591,PRJ-0038,外注費,151219,確定請求,2023-06,2023-07,2023-06-05T00:00:00,2023-06-10T00:00:00,資材メーカーH
CST-00592,PRJ-0177,外注費,31656,確定請求,2025-03,2025-04,2025-03-13T00:00:00,2025-03-13T00:00:00,資材メーカーA
CST-00593,PRJ-0082,労務費,19842,現場見込み,2026-02,2026-03,2026-02-12T00:00:00,,協力業者R社
CST-00594,PRJ-0041,材料費,50927,現場見込み,2026-02,2026-03,2026-02-18T00:00:00,,協力業者N社
CST-00595,PRJ-0027,労務費,76709,確定請求,2026-05,2026-06,2026-06-02T00:00:00,2026-06-04T00:00:00,協力業者I社
CST-00596,PRJ-0190,労務費,36597,確定請求,2025-01,2025-02,2025-01-21T00:00:00,2025-01-22T00:00:00,協力業者R社
CST-00597,PRJ-0175,外注費,74751,確定請求,2025-07,2025-08,2025-07-19T00:00:00,2025-07-21T00:00:00,資材メーカーH
CST-00598,PRJ-0131,外注費,3382,口頭発注,2026-01,2026-02,2026-01-09T00:00:00,,協力業者B社
CST-00599,PRJ-0026,労務費,11833,口頭発注,2026-06,2026-07,2026-07-02T00:00:00,,協力業者A社
CST-00600,PRJ-0169,材料費,57212,現場見込み,2025-03,2025-04,2025-03-21T00:00:00,,資材メーカーH
CST-00601,PRJ-0162,外注費,30228,確定請求,2026-02,2026-03,2026-02-09T00:00:00,2026-02-12T00:00:00,協力業者O社
CST-00602,PRJ-0103,材料費,88188,確定請求,2023-11,2023-12,2023-11-16T00:00:00,2023-11-21T00:00:00,資材メーカーC
CST-00603,PRJ-0012,外注費,43450,確定請求,2025-03,2025-04,2025-03-06T00:00:00,2025-03-06T00:00:00,協力業者F社
CST-00604,PRJ-0119,材料費,75469,現場見込み,2024-05,2024-06,2024-05-24T00:00:00,,協力業者L社
CST-00605,PRJ-0002,外注費,50526,確定請求,2024-08,2024-09,2024-09-01T00:00:00,2024-09-01T00:00:00,協力業者L社
CST-00606,PRJ-0002,外注費,39589,確定請求,2025-07,2025-08,2025-07-21T00:00:00,2025-07-26T00:00:00,資材メーカーA
CST-00607,PRJ-0049,労務費,69017,現場見込み,2025-11,2025-12,2025-11-28T00:00:00,,資材メーカーE
CST-00608,PRJ-0188,外注費,96861,確定請求,2026-11,2026-12,2026-11-29T00:00:00,2026-12-04T00:00:00,資材メーカーA
CST-00609,PRJ-0200,外注費,35744,現場見込み,2024-08,2024-09,2024-08-19T00:00:00,,協力業者A社
CST-00610,PRJ-0044,経費,4819,現場見込み,2024-09,2024-10,2024-09-06T00:00:00,,協力業者C社
CST-00611,PRJ-0130,材料費,31258,現場見込み,2025-09,2025-10,2025-09-24T00:00:00,,協力業者H社
CST-00612,PRJ-0002,外注費,49801,現場見込み,2026-05,2026-06,2026-05-04T00:00:00,,協力業者O社
CST-00613,PRJ-0111,労務費,81468,口頭発注,2023-06,2023-07,2023-06-24T00:00:00,,資材メーカーC
CST-00614,PRJ-0088,外注費,59236,確定請求,2025-04,2025-05,2025-04-27T00:00:00,2025-05-02T00:00:00,資材メーカーH
CST-00615,PRJ-0018,材料費,16865,確定請求,2024-03,2024-04,2024-03-27T00:00:00,2024-03-28T00:00:00,協力業者P社
CST-00616,PRJ-0154,労務費,14510,口頭発注,2024-02,2024-03,2024-02-03T00:00:00,,協力業者C社
CST-00617,PRJ-0065,外注費,32510,現場見込み,2025-11,2025-12,2025-11-16T00:00:00,,協力業者K社
CST-00618,PRJ-0012,材料費,51399,確定請求,2025-07,2025-08,2025-07-30T00:00:00,2025-08-02T00:00:00,協力業者J社
CST-00619,PRJ-0125,外注費,56719,確定請求,2024-08,2024-09,2024-09-03T00:00:00,2024-09-08T00:00:00,資材メーカーG
CST-00620,PRJ-0042,材料費,31107,確定請求,2026-04,2026-05,2026-04-28T00:00:00,2026-05-02T00:00:00,協力業者E社
CST-00621,PRJ-0182,外注費,40928,確定請求,2024-02,2024-03,2024-02-15T00:00:00,2024-02-20T00:00:00,協力業者A社
CST-00622,PRJ-0089,材料費,91767,確定請求,2024-06,2024-07,2024-06-13T00:00:00,2024-06-18T00:00:00,協力業者O社
CST-00623,PRJ-0097,経費,53421,確定請求,2024-10,2024-11,2024-10-10T00:00:00,2024-10-13T00:00:00,資材メーカーA
CST-00624,PRJ-0083,材料費,33348,確定請求,2023-12,2024-01,2023-12-12T00:00:00,2023-12-12T00:00:00,資材メーカーH
CST-00625,PRJ-0177,労務費,28315,現場見込み,2024-09,2024-10,2024-09-07T00:00:00,,協力業者E社
CST-00626,PRJ-0078,外注費,46578,確定請求,2025-10,2025-11,2025-10-25T00:00:00,2025-10-27T00:00:00,資材メーカーD
CST-00627,PRJ-0145,外注費,116946,確定請求,2026-07,2026-08,2026-07-08T00:00:00,2026-07-09T00:00:00,協力業者K社
CST-00628,PRJ-0153,労務費,38527,確定請求,2025-01,2025-02,2025-02-02T00:00:00,2025-02-03T00:00:00,資材メーカーA
CST-00629,PRJ-0135,外注費,5399,現場見込み,2025-11,2025-12,2025-11-21T00:00:00,,協力業者T社
CST-00630,PRJ-0092,材料費,40585,確定請求,2024-01,2024-02,2024-01-26T00:00:00,2024-01-31T00:00:00,資材メーカーE
CST-00631,PRJ-0148,外注費,39930,現場見込み,2026-10,2026-11,2026-10-31T00:00:00,,協力業者G社
CST-00632,PRJ-0067,外注費,72613,確定請求,2027-02,2027-03,2027-02-20T00:00:00,2027-02-22T00:00:00,協力業者G社
CST-00633,PRJ-0031,労務費,2440,確定請求,2024-01,2024-02,2024-01-10T00:00:00,2024-01-13T00:00:00,資材メーカーF
CST-00634,PRJ-0028,材料費,28551,確定請求,2026-04,2026-05,2026-04-08T00:00:00,2026-04-11T00:00:00,協力業者D社
CST-00635,PRJ-0078,経費,68658,現場見込み,2025-11,2025-12,2025-11-14T00:00:00,,協力業者T社
CST-00636,PRJ-0168,外注費,86974,確定請求,2025-08,2025-09,2025-08-23T00:00:00,2025-08-25T00:00:00,資材メーカーI
CST-00637,PRJ-0116,材料費,85466,確定請求,2025-11,2025-12,2025-11-11T00:00:00,2025-11-15T00:00:00,協力業者E社
CST-00638,PRJ-0096,材料費,60325,確定請求,2026-10,2026-11,2026-11-03T00:00:00,2026-11-08T00:00:00,協力業者L社
CST-00639,PRJ-0092,外注費,60283,確定請求,2023-11,2023-12,2023-12-07T00:00:00,2023-12-07T00:00:00,資材メーカーE
CST-00640,PRJ-0040,外注費,12336,確定請求,2024-01,2024-02,2024-01-21T00:00:00,2024-01-21T00:00:00,協力業者S社
CST-00641,PRJ-0038,外注費,82145,現場見込み,2023-10,2023-11,2023-10-15T00:00:00,,協力業者G社
CST-00642,PRJ-0076,外注費,39253,現場見込み,2024-04,2024-05,2024-04-19T00:00:00,,資材メーカーF
CST-00643,PRJ-0115,材料費,111400,確定請求,2024-05,2024-06,2024-05-28T00:00:00,2024-05-31T00:00:00,協力業者J社
CST-00644,PRJ-0188,外注費,69523,口頭発注,2026-11,2026-12,2026-11-28T00:00:00,,資材メーカーC
CST-00645,PRJ-0171,労務費,53805,確定請求,2023-07,2023-08,2023-08-08T00:00:00,2023-08-12T00:00:00,資材メーカーA
CST-00646,PRJ-0146,労務費,63057,現場見込み,2026-10,2026-11,2026-10-26T00:00:00,,協力業者E社
CST-00647,PRJ-0052,材料費,72166,現場見込み,2024-08,2024-09,2024-08-05T00:00:00,,協力業者J社
CST-00648,PRJ-0083,労務費,38196,現場見込み,2024-01,2024-02,2024-01-16T00:00:00,,資材メーカーJ
CST-00649,PRJ-0175,材料費,100972,確定請求,2024-12,2025-01,2024-12-19T00:00:00,2024-12-22T00:00:00,協力業者R社
CST-00650,PRJ-0032,労務費,108000,現場見込み,2026-06,2026-07,2026-06-13T00:00:00,,資材メーカーA
CST-00651,PRJ-0057,経費,3101,確定請求,2025-09,2025-10,2025-09-16T00:00:00,2025-09-21T00:00:00,資材メーカーC
CST-00652,PRJ-0040,労務費,10313,確定請求,2024-05,2024-06,2024-05-16T00:00:00,2024-05-16T00:00:00,協力業者B社
CST-00653,PRJ-0012,外注費,43421,確定請求,2025-08,2025-09,2025-08-09T00:00:00,2025-08-12T00:00:00,協力業者N社
CST-00654,PRJ-0158,労務費,28871,口頭発注,2026-12,2027-01,2026-12-10T00:00:00,,協力業者T社
CST-00655,PRJ-0099,材料費,42240,確定請求,2025-10,2025-11,2025-10-12T00:00:00,2025-10-12T00:00:00,資材メーカーB
CST-00656,PRJ-0008,外注費,17325,確定請求,2023-07,2023-08,2023-07-05T00:00:00,2023-07-10T00:00:00,資材メーカーC
CST-00657,PRJ-0073,外注費,9278,現場見込み,2025-10,2025-11,2025-10-27T00:00:00,,協力業者F社
CST-00658,PRJ-0144,外注費,13752,現場見込み,2025-02,2025-03,2025-02-27T00:00:00,,協力業者Q社
CST-00659,PRJ-0170,外注費,14682,口頭発注,2026-03,2026-04,2026-03-13T00:00:00,,資材メーカーG
CST-00660,PRJ-0030,経費,58443,確定請求,2024-08,2024-09,2024-08-09T00:00:00,2024-08-14T00:00:00,協力業者L社
CST-00661,PRJ-0112,材料費,18704,確定請求,2024-04,2024-05,2024-04-20T00:00:00,2024-04-20T00:00:00,資材メーカーD
CST-00662,PRJ-0019,外注費,5255,確定請求,2024-02,2024-03,2024-02-29T00:00:00,2024-03-02T00:00:00,資材メーカーF
CST-00663,PRJ-0089,外注費,76644,確定請求,2025-06,2025-07,2025-06-15T00:00:00,2025-06-20T00:00:00,協力業者C社
CST-00664,PRJ-0029,外注費,12345,現場見込み,2025-04,2025-05,2025-05-01T00:00:00,,資材メーカーA
CST-00665,PRJ-0084,外注費,32415,現場見込み,2025-10,2025-11,2025-10-28T00:00:00,,協力業者O社
CST-00666,PRJ-0164,外注費,105517,確定請求,2025-05,2025-06,2025-05-17T00:00:00,2025-05-21T00:00:00,協力業者B社
CST-00667,PRJ-0080,外注費,20423,確定請求,2024-12,2025-01,2024-12-16T00:00:00,2024-12-18T00:00:00,協力業者L社
CST-00668,PRJ-0094,労務費,2124,確定請求,2023-09,2023-10,2023-09-26T00:00:00,2023-10-01T00:00:00,資材メーカーI
CST-00669,PRJ-0188,経費,71416,確定請求,2026-01,2026-02,2026-01-19T00:00:00,2026-01-19T00:00:00,協力業者H社
CST-00670,PRJ-0102,外注費,45676,確定請求,2024-02,2024-03,2024-02-25T00:00:00,2024-02-26T00:00:00,資材メーカーH
CST-00671,PRJ-0037,外注費,20323,確定請求,2024-07,2024-08,2024-07-30T00:00:00,2024-08-02T00:00:00,協力業者P社
CST-00672,PRJ-0108,労務費,65312,確定請求,2023-09,2023-10,2023-09-28T00:00:00,2023-10-02T00:00:00,協力業者F社
CST-00673,PRJ-0090,外注費,29653,確定請求,2025-01,2025-02,2025-01-13T00:00:00,2025-01-14T00:00:00,資材メーカーD
CST-00674,PRJ-0019,材料費,3272,確定請求,2024-02,2024-03,2024-02-22T00:00:00,2024-02-27T00:00:00,協力業者H社
CST-00675,PRJ-0146,外注費,94411,確定請求,2026-05,2026-06,2026-05-24T00:00:00,2026-05-28T00:00:00,協力業者I社
CST-00676,PRJ-0115,経費,90329,確定請求,2024-04,2024-05,2024-04-24T00:00:00,2024-04-29T00:00:00,協力業者D社
CST-00677,PRJ-0077,外注費,64656,確定請求,2023-10,2023-11,2023-10-05T00:00:00,2023-10-09T00:00:00,協力業者F社
CST-00678,PRJ-0020,材料費,18379,確定請求,2024-06,2024-07,2024-06-13T00:00:00,2024-06-16T00:00:00,協力業者M社
CST-00679,PRJ-0185,労務費,59307,確定請求,2026-03,2026-04,2026-03-10T00:00:00,2026-03-12T00:00:00,資材メーカーE
CST-00680,PRJ-0185,材料費,75151,現場見込み,2025-11,2025-12,2025-12-03T00:00:00,,協力業者R社
CST-00681,PRJ-0096,外注費,51162,確定請求,2025-08,2025-09,2025-09-02T00:00:00,2025-09-04T00:00:00,協力業者L社
CST-00682,PRJ-0079,材料費,57577,確定請求,2024-11,2024-12,2024-11-07T00:00:00,2024-11-12T00:00:00,資材メーカーF
CST-00683,PRJ-0002,外注費,70522,現場見込み,2026-03,2026-04,2026-03-13T00:00:00,,協力業者H社
CST-00684,PRJ-0012,外注費,57690,確定請求,2025-03,2025-04,2025-03-26T00:00:00,2025-03-27T00:00:00,協力業者S社
CST-00685,PRJ-0155,外注費,40812,確定請求,2025-02,2025-03,2025-02-16T00:00:00,2025-02-17T00:00:00,資材メーカーE
CST-00686,PRJ-0195,労務費,9442,口頭発注,2025-10,2025-11,2025-10-31T00:00:00,,資材メーカーJ
CST-00687,PRJ-0080,労務費,18642,確定請求,2024-07,2024-08,2024-07-29T00:00:00,2024-07-31T00:00:00,協力業者H社
CST-00688,PRJ-0137,外注費,31545,確定請求,2024-11,2024-12,2024-11-17T00:00:00,2024-11-19T00:00:00,資材メーカーG
CST-00689,PRJ-0066,外注費,6566,口頭発注,2025-07,2025-08,2025-07-08T00:00:00,,資材メーカーE
CST-00690,PRJ-0045,材料費,52081,確定請求,2025-12,2026-01,2025-12-21T00:00:00,2025-12-25T00:00:00,協力業者D社
CST-00691,PRJ-0058,材料費,38299,口頭発注,2025-04,2025-05,2025-04-21T00:00:00,,協力業者N社
CST-00692,PRJ-0039,外注費,79845,確定請求,2023-11,2023-12,2023-11-18T00:00:00,2023-11-18T00:00:00,協力業者E社
CST-00693,PRJ-0023,外注費,91725,確定請求,2025-07,2025-08,2025-07-07T00:00:00,2025-07-11T00:00:00,資材メーカーJ
CST-00694,PRJ-0049,材料費,79112,確定請求,2025-02,2025-03,2025-02-09T00:00:00,2025-02-12T00:00:00,資材メーカーC
CST-00695,PRJ-0036,労務費,15322,確定請求,2024-01,2024-02,2024-01-08T00:00:00,2024-01-12T00:00:00,協力業者S社
CST-00696,PRJ-0040,材料費,7400,確定請求,2024-03,2024-04,2024-03-26T00:00:00,2024-03-26T00:00:00,資材メーカーA
CST-00697,PRJ-0060,外注費,120003,現場見込み,2024-07,2024-08,2024-07-13T00:00:00,,協力業者S社
CST-00698,PRJ-0024,外注費,114861,現場見込み,2026-03,2026-04,2026-03-07T00:00:00,,資材メーカーB
CST-00699,PRJ-0164,外注費,112838,現場見込み,2025-03,2025-04,2025-03-12T00:00:00,,協力業者J社
CST-00700,PRJ-0084,外注費,34492,確定請求,2025-04,2025-05,2025-04-23T00:00:00,2025-04-28T00:00:00,資材メーカーJ
CST-00701,PRJ-0187,労務費,32050,現場見込み,2026-07,2026-08,2026-07-10T00:00:00,,資材メーカーD
CST-00702,PRJ-0182,外注費,45922,確定請求,2023-10,2023-11,2023-10-07T00:00:00,2023-10-08T00:00:00,協力業者O社
CST-00703,PRJ-0169,材料費,31949,確定請求,2024-08,2024-09,2024-08-15T00:00:00,2024-08-19T00:00:00,協力業者G社
CST-00704,PRJ-0011,経費,23032,確定請求,2024-06,2024-07,2024-06-10T00:00:00,2024-06-11T00:00:00,協力業者E社
CST-00705,PRJ-0052,材料費,85234,現場見込み,2024-11,2024-12,2024-11-11T00:00:00,,協力業者O社
CST-00706,PRJ-0021,材料費,24425,確定請求,2025-09,2025-10,2025-10-02T00:00:00,2025-10-04T00:00:00,協力業者D社
CST-00707,PRJ-0126,経費,69449,確定請求,2026-05,2026-06,2026-05-18T00:00:00,2026-05-20T00:00:00,協力業者G社
CST-00708,PRJ-0028,労務費,20260,口頭発注,2026-04,2026-05,2026-04-26T00:00:00,,協力業者I社
CST-00709,PRJ-0092,材料費,66838,口頭発注,2023-10,2023-11,2023-10-23T00:00:00,,協力業者F社
CST-00710,PRJ-0180,外注費,12739,確定請求,2025-09,2025-10,2025-09-29T00:00:00,2025-09-30T00:00:00,協力業者G社
CST-00711,PRJ-0039,労務費,81036,現場見込み,2023-11,2023-12,2023-12-03T00:00:00,,資材メーカーC
CST-00712,PRJ-0065,材料費,26838,口頭発注,2026-03,2026-04,2026-03-29T00:00:00,,協力業者M社
CST-00713,PRJ-0022,労務費,36856,現場見込み,2023-10,2023-11,2023-11-03T00:00:00,,資材メーカーB
CST-00714,PRJ-0104,労務費,36074,現場見込み,2025-07,2025-08,2025-07-20T00:00:00,,資材メーカーG
CST-00715,PRJ-0047,外注費,16496,確定請求,2023-05,2023-06,2023-06-06T00:00:00,2023-06-10T00:00:00,協力業者M社
CST-00716,PRJ-0177,労務費,36878,現場見込み,2025-08,2025-09,2025-08-07T00:00:00,,協力業者R社
CST-00717,PRJ-0144,経費,8166,確定請求,2024-10,2024-11,2024-10-14T00:00:00,2024-10-15T00:00:00,協力業者O社
CST-00718,PRJ-0081,材料費,91204,確定請求,2025-04,2025-05,2025-04-07T00:00:00,2025-04-08T00:00:00,協力業者A社
CST-00719,PRJ-0175,外注費,74928,確定請求,2024-11,2024-12,2024-12-07T00:00:00,2024-12-09T00:00:00,協力業者G社
CST-00720,PRJ-0070,労務費,20664,確定請求,2025-03,2025-04,2025-03-13T00:00:00,2025-03-17T00:00:00,資材メーカーA
CST-00721,PRJ-0094,材料費,2047,現場見込み,2024-02,2024-03,2024-02-25T00:00:00,,資材メーカーJ
CST-00722,PRJ-0023,労務費,90106,確定請求,2025-06,2025-07,2025-06-15T00:00:00,2025-06-20T00:00:00,協力業者C社
CST-00723,PRJ-0060,外注費,73149,確定請求,2024-04,2024-05,2024-04-30T00:00:00,2024-04-30T00:00:00,資材メーカーF
CST-00724,PRJ-0160,経費,5491,確定請求,2026-04,2026-05,2026-04-09T00:00:00,2026-04-12T00:00:00,協力業者D社
CST-00725,PRJ-0050,労務費,54548,確定請求,2023-11,2023-12,2023-12-01T00:00:00,2023-12-04T00:00:00,協力業者F社
CST-00726,PRJ-0161,労務費,40719,口頭発注,2027-01,2027-02,2027-01-13T00:00:00,,資材メーカーD
CST-00727,PRJ-0101,外注費,22982,現場見込み,2025-07,2025-08,2025-07-29T00:00:00,,協力業者A社
CST-00728,PRJ-0046,材料費,149304,確定請求,2026-12,2027-01,2026-12-04T00:00:00,2026-12-06T00:00:00,協力業者N社
CST-00729,PRJ-0195,労務費,8044,確定請求,2026-05,2026-06,2026-05-28T00:00:00,2026-05-30T00:00:00,資材メーカーJ
CST-00730,PRJ-0023,外注費,82509,確定請求,2026-03,2026-04,2026-03-05T00:00:00,2026-03-05T00:00:00,協力業者O社
CST-00731,PRJ-0093,外注費,28961,確定請求,2024-04,2024-05,2024-04-24T00:00:00,2024-04-25T00:00:00,協力業者T社
CST-00732,PRJ-0180,外注費,13600,確定請求,2026-06,2026-07,2026-06-18T00:00:00,2026-06-22T00:00:00,協力業者P社
CST-00733,PRJ-0044,材料費,5744,確定請求,2024-09,2024-10,2024-09-05T00:00:00,2024-09-07T00:00:00,協力業者B社
CST-00734,PRJ-0171,労務費,65287,確定請求,2024-06,2024-07,2024-06-09T00:00:00,2024-06-10T00:00:00,協力業者E社
CST-00735,PRJ-0057,外注費,3931,確定請求,2026-02,2026-03,2026-03-08T00:00:00,2026-03-09T00:00:00,資材メーカーI
CST-00736,PRJ-0108,外注費,57813,確定請求,2025-01,2025-02,2025-02-09T00:00:00,2025-02-09T00:00:00,資材メーカーF
CST-00737,PRJ-0128,労務費,40023,確定請求,2024-09,2024-10,2024-09-08T00:00:00,2024-09-11T00:00:00,資材メーカーF
CST-00738,PRJ-0119,労務費,100386,確定請求,2024-04,2024-05,2024-04-29T00:00:00,2024-05-01T00:00:00,資材メーカーF
CST-00739,PRJ-0092,経費,95500,確定請求,2024-06,2024-07,2024-06-23T00:00:00,2024-06-26T00:00:00,協力業者Q社
CST-00740,PRJ-0194,材料費,7535,確定請求,2024-01,2024-02,2024-01-28T00:00:00,2024-01-30T00:00:00,協力業者F社
CST-00741,PRJ-0177,労務費,27778,確定請求,2025-05,2025-06,2025-05-18T00:00:00,2025-05-20T00:00:00,協力業者H社
CST-00742,PRJ-0098,材料費,52368,現場見込み,2025-06,2025-07,2025-06-17T00:00:00,,資材メーカーF
CST-00743,PRJ-0152,材料費,40153,口頭発注,2027-01,2027-02,2027-01-26T00:00:00,,協力業者L社
CST-00744,PRJ-0195,材料費,7199,確定請求,2026-06,2026-07,2026-06-15T00:00:00,2026-06-16T00:00:00,協力業者F社
CST-00745,PRJ-0061,外注費,63097,確定請求,2023-10,2023-11,2023-10-27T00:00:00,2023-11-01T00:00:00,協力業者I社
CST-00746,PRJ-0057,外注費,4986,確定請求,2025-05,2025-06,2025-05-06T00:00:00,2025-05-10T00:00:00,資材メーカーE
CST-00747,PRJ-0037,外注費,17815,口頭発注,2025-07,2025-08,2025-07-12T00:00:00,,協力業者L社
CST-00748,PRJ-0095,労務費,37301,確定請求,2024-10,2024-11,2024-10-31T00:00:00,2024-11-02T00:00:00,協力業者H社
CST-00749,PRJ-0077,外注費,80517,確定請求,2024-08,2024-09,2024-08-20T00:00:00,2024-08-20T00:00:00,資材メーカーJ
CST-00750,PRJ-0080,材料費,20706,確定請求,2025-06,2025-07,2025-07-01T00:00:00,2025-07-02T00:00:00,協力業者S社
CST-00751,PRJ-0020,外注費,18844,確定請求,2024-11,2024-12,2024-11-11T00:00:00,2024-11-15T00:00:00,資材メーカーG
CST-00752,PRJ-0027,材料費,51272,確定請求,2026-02,2026-03,2026-03-01T00:00:00,2026-03-01T00:00:00,協力業者F社
CST-00753,PRJ-0009,外注費,46829,口頭発注,2023-06,2023-07,2023-06-13T00:00:00,,協力業者B社
CST-00754,PRJ-0025,材料費,9077,確定請求,2027-08,2027-09,2027-08-11T00:00:00,2027-08-15T00:00:00,協力業者H社
CST-00755,PRJ-0196,外注費,10857,確定請求,2026-03,2026-04,2026-04-01T00:00:00,2026-04-05T00:00:00,協力業者A社
CST-00756,PRJ-0035,外注費,41512,現場見込み,2025-01,2025-02,2025-01-18T00:00:00,,資材メーカーF
CST-00757,PRJ-0126,外注費,64669,確定請求,2025-10,2025-11,2025-10-05T00:00:00,2025-10-07T00:00:00,資材メーカーC
CST-00758,PRJ-0079,労務費,65786,確定請求,2024-02,2024-03,2024-02-21T00:00:00,2024-02-25T00:00:00,協力業者A社
CST-00759,PRJ-0135,材料費,6146,確定請求,2024-09,2024-10,2024-09-18T00:00:00,2024-09-22T00:00:00,資材メーカーE
CST-00760,PRJ-0018,材料費,19843,確定請求,2024-11,2024-12,2024-11-24T00:00:00,2024-11-29T00:00:00,協力業者C社
CST-00761,PRJ-0133,外注費,43500,現場見込み,2026-11,2026-12,2026-11-23T00:00:00,,協力業者M社
CST-00762,PRJ-0148,外注費,47808,確定請求,2026-03,2026-04,2026-04-05T00:00:00,2026-04-07T00:00:00,協力業者K社
CST-00763,PRJ-0104,外注費,53217,確定請求,2025-06,2025-07,2025-06-22T00:00:00,2025-06-27T00:00:00,協力業者F社
CST-00764,PRJ-0177,労務費,28289,確定請求,2025-03,2025-04,2025-03-28T00:00:00,2025-03-29T00:00:00,資材メーカーA
CST-00765,PRJ-0186,外注費,38898,確定請求,2025-05,2025-06,2025-05-24T00:00:00,2025-05-26T00:00:00,協力業者R社
CST-00766,PRJ-0094,材料費,2177,確定請求,2024-01,2024-02,2024-01-27T00:00:00,2024-01-28T00:00:00,資材メーカーB
CST-00767,PRJ-0084,外注費,47105,確定請求,2025-06,2025-07,2025-06-25T00:00:00,2025-06-26T00:00:00,協力業者J社
CST-00768,PRJ-0079,材料費,72103,口頭発注,2024-04,2024-05,2024-04-19T00:00:00,,資材メーカーD
CST-00769,PRJ-0114,外注費,16030,確定請求,2026-01,2026-02,2026-02-06T00:00:00,2026-02-06T00:00:00,協力業者M社
CST-00770,PRJ-0186,外注費,50584,確定請求,2024-12,2025-01,2025-01-05T00:00:00,2025-01-09T00:00:00,協力業者T社
CST-00771,PRJ-0069,外注費,80917,口頭発注,2024-09,2024-10,2024-09-13T00:00:00,,資材メーカーA
CST-00772,PRJ-0113,材料費,83181,確定請求,2024-08,2024-09,2024-08-19T00:00:00,2024-08-20T00:00:00,資材メーカーJ
CST-00773,PRJ-0043,材料費,5216,確定請求,2024-10,2024-11,2024-10-11T00:00:00,2024-10-12T00:00:00,資材メーカーD
CST-00774,PRJ-0017,外注費,51165,確定請求,2025-10,2025-11,2025-10-29T00:00:00,2025-11-03T00:00:00,協力業者K社
CST-00775,PRJ-0123,外注費,40826,確定請求,2025-08,2025-09,2025-08-07T00:00:00,2025-08-10T00:00:00,資材メーカーG
CST-00776,PRJ-0130,外注費,19334,現場見込み,2024-01,2024-02,2024-02-01T00:00:00,,協力業者I社
CST-00777,PRJ-0060,材料費,44869,確定請求,2024-01,2024-02,2024-01-20T00:00:00,2024-01-22T00:00:00,資材メーカーC
CST-00778,PRJ-0182,外注費,64177,確定請求,2023-09,2023-10,2023-09-03T00:00:00,2023-09-08T00:00:00,資材メーカーF
CST-00779,PRJ-0093,経費,9822,口頭発注,2023-06,2023-07,2023-06-12T00:00:00,,協力業者B社
CST-00780,PRJ-0034,経費,26859,確定請求,2024-12,2025-01,2025-01-05T00:00:00,2025-01-06T00:00:00,資材メーカーD
CST-00781,PRJ-0019,経費,5076,確定請求,2024-04,2024-05,2024-04-09T00:00:00,2024-04-11T00:00:00,協力業者P社
CST-00782,PRJ-0027,労務費,53503,確定請求,2026-06,2026-07,2026-06-24T00:00:00,2026-06-27T00:00:00,協力業者M社
CST-00783,PRJ-0026,外注費,12022,確定請求,2026-03,2026-04,2026-03-10T00:00:00,2026-03-10T00:00:00,協力業者F社
CST-00784,PRJ-0006,外注費,4451,現場見込み,2023-07,2023-08,2023-07-22T00:00:00,,協力業者J社
CST-00785,PRJ-0109,材料費,2003,確定請求,2025-02,2025-03,2025-02-18T00:00:00,2025-02-18T00:00:00,協力業者I社
CST-00786,PRJ-0139,材料費,106667,確定請求,2025-01,2025-02,2025-01-15T00:00:00,2025-01-16T00:00:00,協力業者F社
CST-00787,PRJ-0017,材料費,78445,確定請求,2026-05,2026-06,2026-05-20T00:00:00,2026-05-20T00:00:00,協力業者C社
CST-00788,PRJ-0011,労務費,35251,現場見込み,2024-10,2024-11,2024-10-14T00:00:00,,協力業者T社
CST-00789,PRJ-0154,労務費,16195,確定請求,2024-02,2024-03,2024-02-27T00:00:00,2024-03-01T00:00:00,資材メーカーC
CST-00790,PRJ-0097,経費,26650,確定請求,2025-05,2025-06,2025-05-30T00:00:00,2025-06-02T00:00:00,協力業者F社
CST-00791,PRJ-0046,外注費,109074,確定請求,2026-03,2026-04,2026-03-09T00:00:00,2026-03-11T00:00:00,協力業者B社
CST-00792,PRJ-0024,材料費,87608,確定請求,2025-07,2025-08,2025-07-19T00:00:00,2025-07-24T00:00:00,協力業者G社
CST-00793,PRJ-0140,材料費,61214,確定請求,2024-12,2025-01,2025-01-08T00:00:00,2025-01-10T00:00:00,資材メーカーD
CST-00794,PRJ-0188,外注費,64394,確定請求,2027-07,2027-08,2027-07-27T00:00:00,2027-07-28T00:00:00,協力業者J社
CST-00795,PRJ-0001,労務費,27334,確定請求,2024-01,2024-02,2024-01-10T00:00:00,2024-01-14T00:00:00,協力業者B社
CST-00796,PRJ-0125,材料費,83168,確定請求,2024-05,2024-06,2024-05-16T00:00:00,2024-05-17T00:00:00,資材メーカーG
CST-00797,PRJ-0006,外注費,8479,確定請求,2023-07,2023-08,2023-08-01T00:00:00,2023-08-04T00:00:00,協力業者L社
CST-00798,PRJ-0027,材料費,62186,確定請求,2025-10,2025-11,2025-11-09T00:00:00,2025-11-12T00:00:00,協力業者J社
CST-00799,PRJ-0093,材料費,13160,現場見込み,2023-09,2023-10,2023-09-16T00:00:00,,協力業者D社
CST-00800,PRJ-0036,労務費,18995,確定請求,2024-05,2024-06,2024-05-15T00:00:00,2024-05-15T00:00:00,協力業者F社
CST-00801,PRJ-0130,材料費,31651,確定請求,2025-05,2025-06,2025-05-17T00:00:00,2025-05-19T00:00:00,資材メーカーH
CST-00802,PRJ-0061,外注費,66380,現場見込み,2024-01,2024-02,2024-01-14T00:00:00,,協力業者P社
CST-00803,PRJ-0105,外注費,42038,確定請求,2024-04,2024-05,2024-04-23T00:00:00,2024-04-26T00:00:00,協力業者C社
CST-00804,PRJ-0022,外注費,48294,確定請求,2024-03,2024-04,2024-03-23T00:00:00,2024-03-25T00:00:00,協力業者L社
CST-00805,PRJ-0185,外注費,29203,現場見込み,2026-01,2026-02,2026-01-16T00:00:00,,協力業者O社
CST-00806,PRJ-0071,外注費,48908,確定請求,2024-02,2024-03,2024-02-19T00:00:00,2024-02-21T00:00:00,協力業者O社
CST-00807,PRJ-0135,材料費,8201,確定請求,2024-12,2025-01,2024-12-16T00:00:00,2024-12-20T00:00:00,資材メーカーG
CST-00808,PRJ-0029,外注費,6062,確定請求,2023-11,2023-12,2023-11-21T00:00:00,2023-11-21T00:00:00,協力業者E社
CST-00809,PRJ-0191,外注費,22589,確定請求,2026-12,2027-01,2026-12-12T00:00:00,2026-12-15T00:00:00,資材メーカーF
CST-00810,PRJ-0110,外注費,32072,確定請求,2025-10,2025-11,2025-10-19T00:00:00,2025-10-22T00:00:00,協力業者R社
CST-00811,PRJ-0015,外注費,30607,現場見込み,2024-05,2024-06,2024-06-06T00:00:00,,協力業者Q社
CST-00812,PRJ-0126,経費,38244,確定請求,2026-01,2026-02,2026-01-18T00:00:00,2026-01-22T00:00:00,資材メーカーB
CST-00813,PRJ-0140,労務費,45876,確定請求,2024-02,2024-03,2024-02-13T00:00:00,2024-02-13T00:00:00,協力業者P社
CST-00814,PRJ-0101,材料費,25888,口頭発注,2025-04,2025-05,2025-04-10T00:00:00,,資材メーカーI
CST-00815,PRJ-0020,外注費,10108,確定請求,2025-09,2025-10,2025-09-30T00:00:00,2025-10-04T00:00:00,協力業者S社
CST-00816,PRJ-0115,外注費,100562,口頭発注,2024-07,2024-08,2024-07-05T00:00:00,,協力業者T社
CST-00817,PRJ-0048,労務費,27707,確定請求,2023-08,2023-09,2023-08-18T00:00:00,2023-08-19T00:00:00,資材メーカーE
CST-00818,PRJ-0064,労務費,37576,確定請求,2024-06,2024-07,2024-06-25T00:00:00,2024-06-26T00:00:00,協力業者G社
CST-00819,PRJ-0119,外注費,79032,確定請求,2023-12,2024-01,2023-12-16T00:00:00,2023-12-21T00:00:00,協力業者N社
CST-00820,PRJ-0112,経費,45049,確定請求,2024-10,2024-11,2024-10-08T00:00:00,2024-10-12T00:00:00,協力業者G社
CST-00821,PRJ-0009,経費,31589,確定請求,2023-07,2023-08,2023-07-24T00:00:00,2023-07-24T00:00:00,協力業者K社
CST-00822,PRJ-0053,経費,79825,確定請求,2025-01,2025-02,2025-02-04T00:00:00,2025-02-08T00:00:00,協力業者R社
CST-00823,PRJ-0007,外注費,59551,確定請求,2025-12,2026-01,2025-12-23T00:00:00,2025-12-27T00:00:00,資材メーカーH
CST-00824,PRJ-0086,経費,72323,現場見込み,2024-05,2024-06,2024-05-20T00:00:00,,資材メーカーJ
CST-00825,PRJ-0070,労務費,22086,口頭発注,2025-05,2025-06,2025-05-11T00:00:00,,資材メーカーC
CST-00826,PRJ-0078,外注費,43237,現場見込み,2025-10,2025-11,2025-10-24T00:00:00,,協力業者Q社
CST-00827,PRJ-0034,材料費,28294,現場見込み,2024-10,2024-11,2024-10-09T00:00:00,,協力業者N社
CST-00828,PRJ-0105,労務費,20235,確定請求,2024-02,2024-03,2024-02-24T00:00:00,2024-02-28T00:00:00,協力業者S社
CST-00829,PRJ-0174,材料費,92259,確定請求,2024-08,2024-09,2024-08-09T00:00:00,2024-08-13T00:00:00,協力業者D社
CST-00830,PRJ-0073,経費,6546,確定請求,2026-01,2026-02,2026-01-24T00:00:00,2026-01-28T00:00:00,資材メーカーF
CST-00831,PRJ-0167,労務費,8540,確定請求,2026-03,2026-04,2026-03-14T00:00:00,2026-03-16T00:00:00,資材メーカーI
CST-00832,PRJ-0161,外注費,67092,現場見込み,2026-05,2026-06,2026-06-04T00:00:00,,資材メーカーA
CST-00833,PRJ-0154,外注費,16203,確定請求,2024-03,2024-04,2024-03-28T00:00:00,2024-03-28T00:00:00,協力業者T社
CST-00834,PRJ-0165,外注費,34005,確定請求,2024-04,2024-05,2024-04-11T00:00:00,2024-04-12T00:00:00,協力業者I社
CST-00835,PRJ-0054,外注費,48695,確定請求,2025-03,2025-04,2025-03-10T00:00:00,2025-03-12T00:00:00,協力業者B社
CST-00836,PRJ-0179,外注費,89572,現場見込み,2025-07,2025-08,2025-07-31T00:00:00,,協力業者B社
CST-00837,PRJ-0013,材料費,22855,確定請求,2024-10,2024-11,2024-10-09T00:00:00,2024-10-09T00:00:00,資材メーカーI
CST-00838,PRJ-0140,材料費,51691,口頭発注,2024-05,2024-06,2024-05-27T00:00:00,,資材メーカーG
CST-00839,PRJ-0130,労務費,32709,確定請求,2024-11,2024-12,2024-12-08T00:00:00,2024-12-13T00:00:00,協力業者I社
CST-00840,PRJ-0038,材料費,87654,確定請求,2023-07,2023-08,2023-07-26T00:00:00,2023-07-27T00:00:00,資材メーカーH
CST-00841,PRJ-0189,外注費,15111,確定請求,2026-03,2026-04,2026-04-01T00:00:00,2026-04-03T00:00:00,資材メーカーD
CST-00842,PRJ-0112,材料費,27188,確定請求,2024-04,2024-05,2024-04-25T00:00:00,2024-04-29T00:00:00,資材メーカーD
CST-00843,PRJ-0109,材料費,3183,確定請求,2025-05,2025-06,2025-05-15T00:00:00,2025-05-18T00:00:00,協力業者C社
CST-00844,PRJ-0052,外注費,121468,確定請求,2024-09,2024-10,2024-09-12T00:00:00,2024-09-17T00:00:00,資材メーカーJ
CST-00845,PRJ-0132,労務費,12132,確定請求,2026-03,2026-04,2026-04-03T00:00:00,2026-04-05T00:00:00,資材メーカーE
CST-00846,PRJ-0004,材料費,10650,確定請求,2024-07,2024-08,2024-08-03T00:00:00,2024-08-03T00:00:00,協力業者Q社
CST-00847,PRJ-0085,外注費,11272,確定請求,2024-02,2024-03,2024-02-14T00:00:00,2024-02-17T00:00:00,資材メーカーC
CST-00848,PRJ-0186,労務費,37531,確定請求,2024-12,2025-01,2024-12-27T00:00:00,2024-12-31T00:00:00,資材メーカーE
CST-00849,PRJ-0199,外注費,53286,確定請求,2025-01,2025-02,2025-01-23T00:00:00,2025-01-24T00:00:00,協力業者F社
CST-00850,PRJ-0130,外注費,31009,確定請求,2024-03,2024-04,2024-03-17T00:00:00,2024-03-20T00:00:00,協力業者H社
CST-00851,PRJ-0104,材料費,47157,確定請求,2025-05,2025-06,2025-05-30T00:00:00,2025-06-04T00:00:00,資材メーカーJ
CST-00852,PRJ-0072,材料費,42090,確定請求,2025-11,2025-12,2025-11-11T00:00:00,2025-11-14T00:00:00,協力業者I社
CST-00853,PRJ-0127,経費,35726,口頭発注,2024-08,2024-09,2024-08-05T00:00:00,,協力業者M社
CST-00854,PRJ-0174,材料費,45546,確定請求,2024-07,2024-08,2024-07-22T00:00:00,2024-07-24T00:00:00,協力業者A社
CST-00855,PRJ-0092,外注費,122843,確定請求,2024-05,2024-06,2024-05-17T00:00:00,2024-05-18T00:00:00,協力業者T社
CST-00856,PRJ-0166,外注費,22504,確定請求,2027-04,2027-05,2027-04-21T00:00:00,2027-04-23T00:00:00,協力業者S社
CST-00857,PRJ-0125,外注費,25999,確定請求,2024-01,2024-02,2024-01-29T00:00:00,2024-02-03T00:00:00,協力業者F社
CST-00858,PRJ-0053,材料費,77093,現場見込み,2024-03,2024-04,2024-03-30T00:00:00,,協力業者J社
CST-00859,PRJ-0114,労務費,22029,口頭発注,2025-07,2025-08,2025-07-23T00:00:00,,協力業者B社
CST-00860,PRJ-0110,労務費,38204,確定請求,2025-10,2025-11,2025-10-15T00:00:00,2025-10-20T00:00:00,資材メーカーH
CST-00861,PRJ-0014,労務費,59354,確定請求,2025-11,2025-12,2025-11-16T00:00:00,2025-11-18T00:00:00,資材メーカーB
CST-00862,PRJ-0008,経費,20394,確定請求,2024-08,2024-09,2024-08-13T00:00:00,2024-08-18T00:00:00,協力業者Q社
CST-00863,PRJ-0047,外注費,17705,確定請求,2023-05,2023-06,2023-05-27T00:00:00,2023-06-01T00:00:00,協力業者P社
CST-00864,PRJ-0094,労務費,2161,確定請求,2023-11,2023-12,2023-11-28T00:00:00,2023-11-29T00:00:00,協力業者T社
CST-00865,PRJ-0149,労務費,4765,現場見込み,2024-07,2024-08,2024-07-06T00:00:00,,協力業者T社
CST-00866,PRJ-0027,外注費,89369,確定請求,2026-09,2026-10,2026-09-20T00:00:00,2026-09-23T00:00:00,資材メーカーC
CST-00867,PRJ-0114,外注費,19036,現場見込み,2025-07,2025-08,2025-07-16T00:00:00,,資材メーカーH
CST-00868,PRJ-0154,外注費,19178,確定請求,2024-02,2024-03,2024-02-24T00:00:00,2024-02-27T00:00:00,協力業者I社
CST-00869,PRJ-0024,外注費,99736,現場見込み,2025-10,2025-11,2025-10-28T00:00:00,,資材メーカーB
CST-00870,PRJ-0083,経費,67189,確定請求,2023-11,2023-12,2023-11-17T00:00:00,2023-11-17T00:00:00,協力業者S社
CST-00871,PRJ-0021,労務費,28359,口頭発注,2025-11,2025-12,2025-11-21T00:00:00,,資材メーカーB
CST-00872,PRJ-0069,材料費,46904,確定請求,2025-02,2025-03,2025-03-06T00:00:00,2025-03-10T00:00:00,資材メーカーA
CST-00873,PRJ-0188,外注費,53169,確定請求,2026-06,2026-07,2026-07-02T00:00:00,2026-07-05T00:00:00,協力業者J社
CST-00874,PRJ-0193,外注費,25997,確定請求,2024-06,2024-07,2024-07-04T00:00:00,2024-07-09T00:00:00,協力業者K社
CST-00875,PRJ-0013,材料費,20284,確定請求,2024-11,2024-12,2024-12-04T00:00:00,2024-12-06T00:00:00,資材メーカーH
CST-00876,PRJ-0062,労務費,32221,現場見込み,2026-08,2026-09,2026-08-24T00:00:00,,資材メーカーC
CST-00877,PRJ-0052,外注費,50266,確定請求,2024-08,2024-09,2024-09-08T00:00:00,2024-09-09T00:00:00,協力業者E社
CST-00878,PRJ-0098,労務費,57441,確定請求,2025-06,2025-07,2025-06-18T00:00:00,2025-06-21T00:00:00,資材メーカーF
CST-00879,PRJ-0106,外注費,14342,確定請求,2027-10,2027-11,2027-10-06T00:00:00,2027-10-11T00:00:00,協力業者K社
CST-00880,PRJ-0008,外注費,19352,現場見込み,2023-07,2023-08,2023-07-24T00:00:00,,資材メーカーA
CST-00881,PRJ-0195,労務費,5960,確定請求,2026-08,2026-09,2026-08-23T00:00:00,2026-08-26T00:00:00,協力業者I社
CST-00882,PRJ-0076,労務費,80132,確定請求,2025-03,2025-04,2025-03-15T00:00:00,2025-03-19T00:00:00,資材メーカーD
CST-00883,PRJ-0076,材料費,54708,現場見込み,2025-09,2025-10,2025-09-22T00:00:00,,資材メーカーG
CST-00884,PRJ-0043,外注費,4253,確定請求,2024-10,2024-11,2024-10-25T00:00:00,2024-10-30T00:00:00,資材メーカーD
CST-00885,PRJ-0143,外注費,26584,現場見込み,2025-02,2025-03,2025-02-11T00:00:00,,資材メーカーA
CST-00886,PRJ-0026,外注費,8822,確定請求,2026-05,2026-06,2026-05-14T00:00:00,2026-05-15T00:00:00,協力業者Q社
CST-00887,PRJ-0054,外注費,48771,確定請求,2024-07,2024-08,2024-07-22T00:00:00,2024-07-25T00:00:00,協力業者J社
CST-00888,PRJ-0158,外注費,42665,確定請求,2025-08,2025-09,2025-08-06T00:00:00,2025-08-11T00:00:00,資材メーカーD
CST-00889,PRJ-0027,経費,91956,現場見込み,2026-06,2026-07,2026-07-02T00:00:00,,資材メーカーE
CST-00890,PRJ-0094,外注費,2399,確定請求,2024-05,2024-06,2024-05-13T00:00:00,2024-05-14T00:00:00,資材メーカーA
CST-00891,PRJ-0159,材料費,10246,確定請求,2024-12,2025-01,2024-12-08T00:00:00,2024-12-11T00:00:00,協力業者H社
CST-00892,PRJ-0113,材料費,53263,確定請求,2024-12,2025-01,2024-12-10T00:00:00,2024-12-14T00:00:00,協力業者L社
CST-00893,PRJ-0130,労務費,30190,確定請求,2024-11,2024-12,2024-11-15T00:00:00,2024-11-18T00:00:00,協力業者O社
CST-00894,PRJ-0074,材料費,5351,確定請求,2024-09,2024-10,2024-10-07T00:00:00,2024-10-11T00:00:00,資材メーカーH
CST-00895,PRJ-0104,労務費,41506,現場見込み,2025-10,2025-11,2025-10-25T00:00:00,,協力業者C社
CST-00896,PRJ-0188,外注費,86105,現場見込み,2026-04,2026-05,2026-04-03T00:00:00,,協力業者Q社
CST-00897,PRJ-0112,労務費,26820,確定請求,2024-08,2024-09,2024-08-16T00:00:00,2024-08-19T00:00:00,協力業者Q社
CST-00898,PRJ-0014,労務費,41016,確定請求,2025-08,2025-09,2025-08-19T00:00:00,2025-08-20T00:00:00,資材メーカーH
CST-00899,PRJ-0089,材料費,79023,現場見込み,2024-07,2024-08,2024-07-21T00:00:00,,協力業者K社
CST-00900,PRJ-0158,外注費,34539,確定請求,2026-10,2026-11,2026-11-04T00:00:00,2026-11-05T00:00:00,資材メーカーI
CST-00901,PRJ-0055,外注費,22727,現場見込み,2024-02,2024-03,2024-02-29T00:00:00,,資材メーカーH
CST-00902,PRJ-0182,外注費,72598,確定請求,2024-05,2024-06,2024-06-02T00:00:00,2024-06-04T00:00:00,協力業者C社
CST-00903,PRJ-0108,労務費,43609,口頭発注,2025-02,2025-03,2025-02-07T00:00:00,,協力業者F社
CST-00904,PRJ-0123,外注費,57808,確定請求,2025-07,2025-08,2025-07-09T00:00:00,2025-07-11T00:00:00,協力業者A社
CST-00905,PRJ-0124,経費,67061,確定請求,2024-05,2024-06,2024-05-28T00:00:00,2024-06-01T00:00:00,資材メーカーE
CST-00906,PRJ-0047,外注費,15497,確定請求,2023-12,2024-01,2023-12-11T00:00:00,2023-12-11T00:00:00,協力業者F社
CST-00907,PRJ-0091,材料費,15687,確定請求,2024-03,2024-04,2024-03-17T00:00:00,2024-03-22T00:00:00,協力業者T社
CST-00908,PRJ-0160,外注費,4578,現場見込み,2026-07,2026-08,2026-07-24T00:00:00,,協力業者M社
CST-00909,PRJ-0196,材料費,10405,口頭発注,2026-03,2026-04,2026-03-27T00:00:00,,協力業者M社
CST-00910,PRJ-0005,外注費,56177,確定請求,2024-04,2024-05,2024-04-25T00:00:00,2024-04-30T00:00:00,協力業者R社
CST-00911,PRJ-0198,外注費,70297,確定請求,2025-06,2025-07,2025-06-26T00:00:00,2025-06-30T00:00:00,協力業者A社
CST-00912,PRJ-0058,労務費,35366,現場見込み,2025-02,2025-03,2025-02-25T00:00:00,,協力業者A社
CST-00913,PRJ-0052,材料費,112054,確定請求,2024-12,2025-01,2024-12-24T00:00:00,2024-12-25T00:00:00,資材メーカーD
CST-00914,PRJ-0134,労務費,44157,現場見込み,2024-06,2024-07,2024-06-11T00:00:00,,資材メーカーI
CST-00915,PRJ-0081,材料費,79999,確定請求,2025-07,2025-08,2025-07-14T00:00:00,2025-07-17T00:00:00,協力業者E社
CST-00916,PRJ-0032,外注費,110780,確定請求,2026-03,2026-04,2026-03-23T00:00:00,2026-03-24T00:00:00,協力業者S社
CST-00917,PRJ-0110,外注費,40257,現場見込み,2025-07,2025-08,2025-07-28T00:00:00,,資材メーカーG
CST-00918,PRJ-0195,外注費,9453,口頭発注,2026-08,2026-09,2026-08-27T00:00:00,,協力業者J社
CST-00919,PRJ-0012,材料費,70529,確定請求,2025-06,2025-07,2025-06-28T00:00:00,2025-07-02T00:00:00,協力業者Q社
CST-00920,PRJ-0051,労務費,84965,現場見込み,2025-08,2025-09,2025-08-10T00:00:00,,協力業者N社
CST-00921,PRJ-0098,外注費,52844,確定請求,2026-03,2026-04,2026-04-04T00:00:00,2026-04-06T00:00:00,資材メーカーI
CST-00922,PRJ-0158,外注費,36443,確定請求,2025-10,2025-11,2025-10-08T00:00:00,2025-10-08T00:00:00,協力業者F社
CST-00923,PRJ-0011,材料費,28407,現場見込み,2024-08,2024-09,2024-08-11T00:00:00,,協力業者H社
CST-00924,PRJ-0002,外注費,30584,確定請求,2025-01,2025-02,2025-01-09T00:00:00,2025-01-13T00:00:00,資材メーカーD
CST-00925,PRJ-0110,外注費,34327,確定請求,2026-03,2026-04,2026-03-11T00:00:00,2026-03-13T00:00:00,協力業者F社
CST-00926,PRJ-0114,材料費,14702,確定請求,2024-07,2024-08,2024-08-02T00:00:00,2024-08-06T00:00:00,協力業者M社
CST-00927,PRJ-0057,経費,3332,口頭発注,2026-02,2026-03,2026-02-27T00:00:00,,協力業者B社
CST-00928,PRJ-0075,外注費,22864,確定請求,2025-01,2025-02,2025-01-24T00:00:00,2025-01-29T00:00:00,資材メーカーB
CST-00929,PRJ-0190,外注費,30496,確定請求,2024-08,2024-09,2024-08-04T00:00:00,2024-08-07T00:00:00,協力業者B社
CST-00930,PRJ-0099,外注費,28060,確定請求,2026-02,2026-03,2026-02-26T00:00:00,2026-03-02T00:00:00,協力業者M社
CST-00931,PRJ-0123,外注費,32707,確定請求,2026-01,2026-02,2026-01-19T00:00:00,2026-01-20T00:00:00,協力業者P社
CST-00932,PRJ-0014,外注費,49117,口頭発注,2026-07,2026-08,2026-07-11T00:00:00,,資材メーカーB
CST-00933,PRJ-0198,外注費,55364,確定請求,2025-04,2025-05,2025-04-09T00:00:00,2025-04-14T00:00:00,協力業者N社
CST-00934,PRJ-0096,外注費,48384,確定請求,2027-02,2027-03,2027-02-14T00:00:00,2027-02-18T00:00:00,協力業者I社
CST-00935,PRJ-0180,外注費,16815,確定請求,2025-12,2026-01,2026-01-02T00:00:00,2026-01-06T00:00:00,協力業者N社
CST-00936,PRJ-0117,外注費,79794,確定請求,2024-10,2024-11,2024-10-08T00:00:00,2024-10-10T00:00:00,協力業者T社
CST-00937,PRJ-0074,外注費,6508,現場見込み,2024-10,2024-11,2024-10-15T00:00:00,,資材メーカーF
CST-00938,PRJ-0122,外注費,47981,確定請求,2025-10,2025-11,2025-10-30T00:00:00,2025-10-31T00:00:00,協力業者G社
CST-00939,PRJ-0007,材料費,50215,確定請求,2026-08,2026-09,2026-08-16T00:00:00,2026-08-17T00:00:00,協力業者I社
CST-00940,PRJ-0118,材料費,15766,確定請求,2024-07,2024-08,2024-07-20T00:00:00,2024-07-22T00:00:00,資材メーカーC
CST-00941,PRJ-0026,外注費,7010,口頭発注,2026-01,2026-02,2026-02-06T00:00:00,,協力業者B社
CST-00942,PRJ-0115,外注費,96140,確定請求,2024-05,2024-06,2024-05-21T00:00:00,2024-05-26T00:00:00,資材メーカーJ
CST-00943,PRJ-0162,外注費,64485,確定請求,2026-03,2026-04,2026-03-25T00:00:00,2026-03-25T00:00:00,協力業者K社
CST-00944,PRJ-0165,労務費,18563,確定請求,2024-02,2024-03,2024-02-25T00:00:00,2024-02-25T00:00:00,資材メーカーB
CST-00945,PRJ-0194,外注費,12635,現場見込み,2024-12,2025-01,2024-12-11T00:00:00,,資材メーカーB
CST-00946,PRJ-0020,労務費,19640,確定請求,2024-09,2024-10,2024-10-03T00:00:00,2024-10-03T00:00:00,協力業者C社
CST-00947,PRJ-0189,経費,18456,現場見込み,2026-10,2026-11,2026-10-29T00:00:00,,資材メーカーD
CST-00948,PRJ-0051,材料費,66812,確定請求,2025-06,2025-07,2025-07-01T00:00:00,2025-07-04T00:00:00,資材メーカーA
CST-00949,PRJ-0024,外注費,86197,確定請求,2025-10,2025-11,2025-10-21T00:00:00,2025-10-21T00:00:00,協力業者I社
CST-00950,PRJ-0198,材料費,79083,現場見込み,2024-09,2024-10,2024-09-16T00:00:00,,資材メーカーG
CST-00951,PRJ-0161,材料費,56883,確定請求,2027-02,2027-03,2027-02-07T00:00:00,2027-02-09T00:00:00,協力業者B社
CST-00952,PRJ-0190,経費,55411,確定請求,2024-12,2025-01,2025-01-01T00:00:00,2025-01-01T00:00:00,協力業者N社
CST-00953,PRJ-0191,労務費,24998,確定請求,2026-01,2026-02,2026-02-03T00:00:00,2026-02-08T00:00:00,協力業者A社
CST-00954,PRJ-0001,材料費,59629,確定請求,2024-10,2024-11,2024-10-17T00:00:00,2024-10-19T00:00:00,協力業者F社
CST-00955,PRJ-0173,外注費,17972,確定請求,2024-12,2025-01,2024-12-14T00:00:00,2024-12-19T00:00:00,協力業者T社
CST-00956,PRJ-0186,外注費,39702,現場見込み,2024-12,2025-01,2024-12-13T00:00:00,,協力業者L社
CST-00957,PRJ-0055,労務費,33322,確定請求,2023-10,2023-11,2023-10-20T00:00:00,2023-10-23T00:00:00,協力業者D社
CST-00958,PRJ-0127,材料費,41767,口頭発注,2024-07,2024-08,2024-07-16T00:00:00,,協力業者I社
CST-00959,PRJ-0156,外注費,45554,現場見込み,2025-10,2025-11,2025-10-12T00:00:00,,資材メーカーH
CST-00960,PRJ-0122,労務費,57923,現場見込み,2026-03,2026-04,2026-03-27T00:00:00,,協力業者N社
CST-00961,PRJ-0013,外注費,24532,現場見込み,2024-04,2024-05,2024-04-27T00:00:00,,協力業者E社
CST-00962,PRJ-0143,外注費,22013,確定請求,2024-01,2024-02,2024-01-23T00:00:00,2024-01-27T00:00:00,協力業者D社
CST-00963,PRJ-0011,材料費,39134,確定請求,2024-12,2025-01,2024-12-27T00:00:00,2025-01-01T00:00:00,資材メーカーF
CST-00964,PRJ-0109,労務費,2742,確定請求,2025-03,2025-04,2025-03-29T00:00:00,2025-04-01T00:00:00,協力業者F社
CST-00965,PRJ-0094,経費,1868,確定請求,2024-06,2024-07,2024-06-05T00:00:00,2024-06-10T00:00:00,協力業者T社
CST-00966,PRJ-0158,労務費,30927,確定請求,2025-08,2025-09,2025-08-11T00:00:00,2025-08-11T00:00:00,協力業者P社
CST-00967,PRJ-0156,外注費,29068,確定請求,2026-01,2026-02,2026-01-21T00:00:00,2026-01-21T00:00:00,協力業者N社
CST-00968,PRJ-0126,労務費,61617,確定請求,2025-05,2025-06,2025-05-19T00:00:00,2025-05-19T00:00:00,協力業者I社
CST-00969,PRJ-0035,外注費,57877,確定請求,2025-09,2025-10,2025-10-08T00:00:00,2025-10-13T00:00:00,資材メーカーH
CST-00970,PRJ-0130,外注費,34648,確定請求,2025-08,2025-09,2025-09-08T00:00:00,2025-09-09T00:00:00,資材メーカーD
CST-00971,PRJ-0001,労務費,73281,確定請求,2024-10,2024-11,2024-10-28T00:00:00,2024-11-01T00:00:00,資材メーカーH
CST-00972,PRJ-0141,材料費,2583,現場見込み,2025-01,2025-02,2025-01-22T00:00:00,,資材メーカーC
CST-00973,PRJ-0128,経費,40458,確定請求,2023-11,2023-12,2023-11-17T00:00:00,2023-11-20T00:00:00,協力業者N社
CST-00974,PRJ-0103,材料費,80500,確定請求,2024-04,2024-05,2024-04-15T00:00:00,2024-04-16T00:00:00,資材メーカーB
CST-00975,PRJ-0030,材料費,85976,口頭発注,2025-07,2025-08,2025-07-25T00:00:00,,資材メーカーG
CST-00976,PRJ-0109,材料費,3712,確定請求,2025-07,2025-08,2025-07-14T00:00:00,2025-07-14T00:00:00,協力業者T社
CST-00977,PRJ-0141,外注費,4516,確定請求,2024-01,2024-02,2024-01-11T00:00:00,2024-01-14T00:00:00,協力業者Q社
CST-00978,PRJ-0194,経費,9429,確定請求,2023-10,2023-11,2023-10-20T00:00:00,2023-10-22T00:00:00,協力業者C社
CST-00979,PRJ-0091,材料費,14482,確定請求,2024-05,2024-06,2024-05-11T00:00:00,2024-05-11T00:00:00,協力業者K社
CST-00980,PRJ-0036,材料費,27493,口頭発注,2025-03,2025-04,2025-03-23T00:00:00,,協力業者H社
CST-00981,PRJ-0027,外注費,69068,現場見込み,2026-08,2026-09,2026-08-18T00:00:00,,協力業者M社
CST-00982,PRJ-0038,労務費,150480,確定請求,2023-09,2023-10,2023-10-08T00:00:00,2023-10-11T00:00:00,協力業者C社
CST-00983,PRJ-0005,労務費,72473,確定請求,2025-06,2025-07,2025-06-23T00:00:00,2025-06-26T00:00:00,協力業者C社
CST-00984,PRJ-0017,材料費,58819,確定請求,2025-10,2025-11,2025-10-18T00:00:00,2025-10-23T00:00:00,協力業者D社
CST-00985,PRJ-0083,外注費,90423,現場見込み,2023-05,2023-06,2023-05-12T00:00:00,,協力業者D社
CST-00986,PRJ-0041,労務費,73706,確定請求,2026-09,2026-10,2026-09-10T00:00:00,2026-09-14T00:00:00,協力業者B社
CST-00987,PRJ-0051,外注費,68456,確定請求,2025-02,2025-03,2025-02-18T00:00:00,2025-02-22T00:00:00,資材メーカーG
CST-00988,PRJ-0051,材料費,101004,口頭発注,2025-07,2025-08,2025-07-30T00:00:00,,資材メーカーI
CST-00989,PRJ-0066,外注費,5197,確定請求,2027-01,2027-02,2027-02-03T00:00:00,2027-02-05T00:00:00,協力業者G社
CST-00990,PRJ-0186,材料費,29043,確定請求,2025-02,2025-03,2025-02-16T00:00:00,2025-02-17T00:00:00,資材メーカーG
CST-00991,PRJ-0086,外注費,102313,確定請求,2024-05,2024-06,2024-05-26T00:00:00,2024-05-30T00:00:00,協力業者K社
CST-00992,PRJ-0144,外注費,17428,確定請求,2025-06,2025-07,2025-07-04T00:00:00,2025-07-09T00:00:00,協力業者P社
CST-00993,PRJ-0129,経費,47730,確定請求,2025-09,2025-10,2025-09-03T00:00:00,2025-09-08T00:00:00,協力業者D社
CST-00994,PRJ-0004,外注費,8592,確定請求,2024-10,2024-11,2024-10-30T00:00:00,2024-11-01T00:00:00,協力業者A社
CST-00995,PRJ-0173,外注費,23802,口頭発注,2024-07,2024-08,2024-07-21T00:00:00,,協力業者R社
CST-00996,PRJ-0104,外注費,56419,現場見込み,2025-08,2025-09,2025-08-17T00:00:00,,資材メーカーC
CST-00997,PRJ-0117,経費,73038,現場見込み,2023-10,2023-11,2023-10-30T00:00:00,,資材メーカーI
CST-00998,PRJ-0021,経費,24642,現場見込み,2025-11,2025-12,2025-11-13T00:00:00,,協力業者E社
CST-00999,PRJ-0070,経費,19611,確定請求,2024-05,2024-06,2024-05-28T00:00:00,2024-05-29T00:00:00,協力業者I社
CST-01000,PRJ-0145,材料費,68712,確定請求,2025-10,2025-11,2025-11-07T00:00:00,2025-11-08T00:00:00,協力業者D社
CST-01001,PRJ-0126,外注費,57966,口頭発注,2025-12,2026-01,2025-12-05T00:00:00,,資材メーカーG
CST-01002,PRJ-0150,労務費,3304,確定請求,2025-01,2025-02,2025-01-08T00:00:00,2025-01-08T00:00:00,協力業者D社
CST-01003,PRJ-0184,外注費,27200,確定請求,2025-12,2026-01,2025-12-11T00:00:00,2025-12-11T00:00:00,資材メーカーG
CST-01004,PRJ-0020,労務費,15317,確定請求,2025-07,2025-08,2025-08-09T00:00:00,2025-08-13T00:00:00,協力業者O社
CST-01005,PRJ-0030,労務費,98027,確定請求,2024-07,2024-08,2024-07-21T00:00:00,2024-07-25T00:00:00,協力業者P社
CST-01006,PRJ-0037,外注費,18329,確定請求,2024-07,2024-08,2024-08-02T00:00:00,2024-08-06T00:00:00,協力業者R社
CST-01007,PRJ-0003,材料費,12176,確定請求,2025-05,2025-06,2025-05-13T00:00:00,2025-05-14T00:00:00,資材メーカーJ
CST-01008,PRJ-0167,材料費,7524,確定請求,2025-12,2026-01,2025-12-12T00:00:00,2025-12-12T00:00:00,資材メーカーD
CST-01009,PRJ-0113,労務費,40804,確定請求,2025-01,2025-02,2025-01-13T00:00:00,2025-01-17T00:00:00,資材メーカーB
CST-01010,PRJ-0071,材料費,34896,口頭発注,2024-03,2024-04,2024-03-19T00:00:00,,協力業者Q社
CST-01011,PRJ-0056,外注費,186153,確定請求,2026-04,2026-05,2026-05-04T00:00:00,2026-05-06T00:00:00,協力業者T社
CST-01012,PRJ-0093,外注費,9304,確定請求,2023-12,2024-01,2023-12-30T00:00:00,2024-01-02T00:00:00,協力業者K社
CST-01013,PRJ-0114,経費,23314,確定請求,2024-11,2024-12,2024-11-10T00:00:00,2024-11-14T00:00:00,協力業者E社
CST-01014,PRJ-0188,外注費,68429,確定請求,2027-02,2027-03,2027-03-01T00:00:00,2027-03-03T00:00:00,協力業者J社
CST-01015,PRJ-0098,材料費,79785,確定請求,2025-11,2025-12,2025-11-23T00:00:00,2025-11-27T00:00:00,協力業者G社
CST-01016,PRJ-0140,外注費,36248,確定請求,2024-04,2024-05,2024-04-10T00:00:00,2024-04-15T00:00:00,資材メーカーB
CST-01017,PRJ-0135,経費,5790,確定請求,2024-09,2024-10,2024-09-09T00:00:00,2024-09-13T00:00:00,資材メーカーC
CST-01018,PRJ-0047,材料費,20671,確定請求,2023-10,2023-11,2023-10-13T00:00:00,2023-10-18T00:00:00,資材メーカーC
CST-01019,PRJ-0199,材料費,52549,確定請求,2025-04,2025-05,2025-04-24T00:00:00,2025-04-28T00:00:00,資材メーカーE
CST-01020,PRJ-0132,材料費,11863,確定請求,2026-03,2026-04,2026-04-01T00:00:00,2026-04-06T00:00:00,協力業者S社
CST-01021,PRJ-0161,外注費,60706,確定請求,2026-11,2026-12,2026-11-19T00:00:00,2026-11-21T00:00:00,協力業者N社
CST-01022,PRJ-0122,労務費,55913,確定請求,2026-05,2026-06,2026-05-10T00:00:00,2026-05-10T00:00:00,資材メーカーH
CST-01023,PRJ-0034,外注費,25919,確定請求,2025-01,2025-02,2025-01-20T00:00:00,2025-01-23T00:00:00,協力業者D社
CST-01024,PRJ-0171,外注費,46818,口頭発注,2023-10,2023-11,2023-10-03T00:00:00,,協力業者B社
CST-01025,PRJ-0023,材料費,98198,確定請求,2025-12,2026-01,2025-12-13T00:00:00,2025-12-15T00:00:00,協力業者I社
CST-01026,PRJ-0151,外注費,195514,確定請求,2024-11,2024-12,2024-12-01T00:00:00,2024-12-01T00:00:00,協力業者I社
CST-01027,PRJ-0131,外注費,3070,現場見込み,2026-05,2026-06,2026-05-23T00:00:00,,協力業者G社
CST-01028,PRJ-0143,外注費,23481,確定請求,2023-09,2023-10,2023-09-16T00:00:00,2023-09-16T00:00:00,協力業者L社
CST-01029,PRJ-0141,外注費,4286,確定請求,2025-02,2025-03,2025-02-25T00:00:00,2025-03-02T00:00:00,資材メーカーH
CST-01030,PRJ-0101,材料費,24485,確定請求,2025-04,2025-05,2025-04-12T00:00:00,2025-04-17T00:00:00,協力業者H社
CST-01031,PRJ-0075,外注費,46689,確定請求,2025-05,2025-06,2025-05-26T00:00:00,2025-05-29T00:00:00,資材メーカーC
CST-01032,PRJ-0135,外注費,7211,現場見込み,2025-05,2025-06,2025-05-31T00:00:00,,協力業者N社
CST-01033,PRJ-0198,外注費,71311,口頭発注,2025-12,2026-01,2025-12-21T00:00:00,,協力業者B社
CST-01034,PRJ-0041,外注費,61146,口頭発注,2026-03,2026-04,2026-03-30T00:00:00,,協力業者G社
CST-01035,PRJ-0147,経費,31343,確定請求,2025-03,2025-04,2025-03-12T00:00:00,2025-03-17T00:00:00,資材メーカーG
CST-01036,PRJ-0037,外注費,20915,確定請求,2025-06,2025-07,2025-06-28T00:00:00,2025-07-02T00:00:00,資材メーカーE
CST-01037,PRJ-0182,労務費,76958,現場見込み,2024-05,2024-06,2024-05-09T00:00:00,,協力業者T社
CST-01038,PRJ-0026,材料費,4877,確定請求,2026-02,2026-03,2026-02-22T00:00:00,2026-02-23T00:00:00,協力業者J社
CST-01039,PRJ-0182,経費,76992,確定請求,2024-04,2024-05,2024-04-09T00:00:00,2024-04-10T00:00:00,協力業者C社
CST-01040,PRJ-0156,外注費,45729,確定請求,2025-10,2025-11,2025-10-29T00:00:00,2025-11-01T00:00:00,協力業者Q社
CST-01041,PRJ-0162,経費,49036,確定請求,2024-12,2025-01,2024-12-30T00:00:00,2025-01-03T00:00:00,協力業者N社
CST-01042,PRJ-0025,外注費,6333,確定請求,2026-08,2026-09,2026-09-01T00:00:00,2026-09-05T00:00:00,協力業者E社
CST-01043,PRJ-0186,労務費,35900,口頭発注,2025-01,2025-02,2025-01-24T00:00:00,,協力業者A社
CST-01044,PRJ-0194,材料費,11095,確定請求,2024-08,2024-09,2024-08-18T00:00:00,2024-08-18T00:00:00,資材メーカーC
CST-01045,PRJ-0093,労務費,13461,確定請求,2023-08,2023-09,2023-08-28T00:00:00,2023-09-01T00:00:00,資材メーカーJ
CST-01046,PRJ-0153,外注費,44948,確定請求,2024-10,2024-11,2024-10-18T00:00:00,2024-10-23T00:00:00,資材メーカーE
CST-01047,PRJ-0043,材料費,5527,現場見込み,2024-09,2024-10,2024-09-18T00:00:00,,協力業者P社
CST-01048,PRJ-0150,労務費,6554,確定請求,2025-08,2025-09,2025-08-08T00:00:00,2025-08-13T00:00:00,協力業者L社
CST-01049,PRJ-0025,材料費,14441,確定請求,2026-10,2026-11,2026-10-27T00:00:00,2026-10-28T00:00:00,協力業者Q社
CST-01050,PRJ-0194,材料費,7330,確定請求,2024-10,2024-11,2024-10-19T00:00:00,2024-10-20T00:00:00,協力業者C社
CST-01051,PRJ-0070,材料費,23181,現場見込み,2024-10,2024-11,2024-11-01T00:00:00,,協力業者R社
CST-01052,PRJ-0135,外注費,6382,口頭発注,2025-06,2025-07,2025-06-17T00:00:00,,協力業者C社
CST-01053,PRJ-0091,外注費,19228,確定請求,2024-04,2024-05,2024-04-30T00:00:00,2024-05-05T00:00:00,資材メーカーI
CST-01054,PRJ-0120,材料費,60436,現場見込み,2025-12,2026-01,2026-01-01T00:00:00,,協力業者K社
CST-01055,PRJ-0074,外注費,5921,確定請求,2024-11,2024-12,2024-12-08T00:00:00,2024-12-12T00:00:00,協力業者G社
CST-01056,PRJ-0104,外注費,49678,確定請求,2025-09,2025-10,2025-09-11T00:00:00,2025-09-11T00:00:00,協力業者R社
CST-01057,PRJ-0079,外注費,119597,確定請求,2024-12,2025-01,2025-01-03T00:00:00,2025-01-04T00:00:00,協力業者L社
CST-01058,PRJ-0138,外注費,29800,確定請求,2025-04,2025-05,2025-04-13T00:00:00,2025-04-14T00:00:00,協力業者T社
CST-01059,PRJ-0039,外注費,83310,現場見込み,2023-11,2023-12,2023-11-09T00:00:00,,資材メーカーB
CST-01060,PRJ-0030,外注費,59376,確定請求,2024-11,2024-12,2024-11-26T00:00:00,2024-11-29T00:00:00,資材メーカーJ
CST-01061,PRJ-0067,材料費,54944,現場見込み,2026-05,2026-06,2026-06-04T00:00:00,,協力業者R社
CST-01062,PRJ-0105,材料費,56172,確定請求,2023-12,2024-01,2023-12-22T00:00:00,2023-12-24T00:00:00,資材メーカーJ
CST-01063,PRJ-0052,材料費,88413,確定請求,2024-11,2024-12,2024-11-30T00:00:00,2024-12-03T00:00:00,資材メーカーF
CST-01064,PRJ-0129,外注費,55201,現場見込み,2025-09,2025-10,2025-09-24T00:00:00,,協力業者B社
CST-01065,PRJ-0089,外注費,109923,確定請求,2024-07,2024-08,2024-07-15T00:00:00,2024-07-15T00:00:00,協力業者K社
CST-01066,PRJ-0173,外注費,18838,確定請求,2023-12,2024-01,2024-01-03T00:00:00,2024-01-07T00:00:00,協力業者F社
CST-01067,PRJ-0197,材料費,25231,確定請求,2023-11,2023-12,2023-12-02T00:00:00,2023-12-03T00:00:00,資材メーカーA
CST-01068,PRJ-0165,外注費,31300,確定請求,2024-08,2024-09,2024-08-13T00:00:00,2024-08-18T00:00:00,資材メーカーA
CST-01069,PRJ-0027,外注費,102956,現場見込み,2026-04,2026-05,2026-04-23T00:00:00,,資材メーカーG
CST-01070,PRJ-0077,外注費,67403,確定請求,2024-03,2024-04,2024-03-13T00:00:00,2024-03-18T00:00:00,協力業者R社
CST-01071,PRJ-0076,労務費,51422,確定請求,2024-04,2024-05,2024-04-27T00:00:00,2024-04-27T00:00:00,資材メーカーD
CST-01072,PRJ-0061,外注費,76284,現場見込み,2024-02,2024-03,2024-02-13T00:00:00,,資材メーカーC
CST-01073,PRJ-0071,外注費,56509,確定請求,2023-10,2023-11,2023-10-21T00:00:00,2023-10-21T00:00:00,協力業者C社
CST-01074,PRJ-0067,労務費,65877,確定請求,2026-03,2026-04,2026-03-16T00:00:00,2026-03-20T00:00:00,資材メーカーF
CST-01075,PRJ-0156,外注費,33864,現場見込み,2024-11,2024-12,2024-11-25T00:00:00,,協力業者S社
CST-01076,PRJ-0134,労務費,40539,確定請求,2024-07,2024-08,2024-08-07T00:00:00,2024-08-10T00:00:00,協力業者I社
CST-01077,PRJ-0056,外注費,191324,確定請求,2026-05,2026-06,2026-05-23T00:00:00,2026-05-26T00:00:00,資材メーカーA
CST-01078,PRJ-0124,労務費,98791,確定請求,2024-07,2024-08,2024-07-25T00:00:00,2024-07-30T00:00:00,協力業者A社
CST-01079,PRJ-0058,外注費,31912,確定請求,2024-12,2025-01,2024-12-13T00:00:00,2024-12-18T00:00:00,協力業者R社
CST-01080,PRJ-0105,外注費,30170,現場見込み,2024-01,2024-02,2024-01-12T00:00:00,,資材メーカーE
CST-01081,PRJ-0193,労務費,37646,確定請求,2024-06,2024-07,2024-06-12T00:00:00,2024-06-14T00:00:00,資材メーカーC
CST-01082,PRJ-0047,外注費,21514,口頭発注,2023-09,2023-10,2023-10-02T00:00:00,,協力業者D社
CST-01083,PRJ-0113,労務費,87235,確定請求,2024-11,2024-12,2024-11-22T00:00:00,2024-11-24T00:00:00,協力業者T社
CST-01084,PRJ-0058,外注費,42584,口頭発注,2025-11,2025-12,2025-11-11T00:00:00,,協力業者M社
CST-01085,PRJ-0096,経費,45938,確定請求,2025-09,2025-10,2025-09-24T00:00:00,2025-09-28T00:00:00,協力業者P社
CST-01086,PRJ-0197,材料費,18427,現場見込み,2024-03,2024-04,2024-03-25T00:00:00,,協力業者E社
CST-01087,PRJ-0068,外注費,70524,確定請求,2025-10,2025-11,2025-10-06T00:00:00,2025-10-08T00:00:00,協力業者J社
CST-01088,PRJ-0107,労務費,50560,確定請求,2024-10,2024-11,2024-10-14T00:00:00,2024-10-18T00:00:00,協力業者A社
CST-01089,PRJ-0055,外注費,34402,確定請求,2023-08,2023-09,2023-09-01T00:00:00,2023-09-01T00:00:00,協力業者D社
CST-01090,PRJ-0181,労務費,47593,口頭発注,2024-06,2024-07,2024-06-26T00:00:00,,協力業者R社
CST-01091,PRJ-0116,労務費,66410,確定請求,2025-03,2025-04,2025-03-16T00:00:00,2025-03-21T00:00:00,協力業者J社
CST-01092,PRJ-0042,労務費,24849,確定請求,2026-05,2026-06,2026-05-18T00:00:00,2026-05-19T00:00:00,資材メーカーI
CST-01093,PRJ-0138,経費,38789,確定請求,2024-08,2024-09,2024-08-20T00:00:00,2024-08-21T00:00:00,資材メーカーI
CST-01094,PRJ-0134,材料費,27509,確定請求,2024-01,2024-02,2024-01-25T00:00:00,2024-01-29T00:00:00,協力業者F社
CST-01095,PRJ-0068,外注費,63044,確定請求,2024-12,2025-01,2024-12-09T00:00:00,2024-12-10T00:00:00,協力業者G社
CST-01096,PRJ-0151,経費,216971,口頭発注,2024-11,2024-12,2024-12-02T00:00:00,,資材メーカーF
CST-01097,PRJ-0016,材料費,7074,確定請求,2025-11,2025-12,2025-11-25T00:00:00,2025-11-28T00:00:00,資材メーカーH
CST-01098,PRJ-0197,外注費,22771,確定請求,2024-01,2024-02,2024-01-05T00:00:00,2024-01-07T00:00:00,協力業者J社
CST-01099,PRJ-0155,外注費,48257,現場見込み,2023-11,2023-12,2023-11-21T00:00:00,,協力業者G社
CST-01100,PRJ-0021,外注費,48767,現場見込み,2025-11,2025-12,2025-11-09T00:00:00,,協力業者K社
CST-01101,PRJ-0021,労務費,27735,確定請求,2025-05,2025-06,2025-05-07T00:00:00,2025-05-07T00:00:00,資材メーカーB
CST-01102,PRJ-0102,外注費,48830,現場見込み,2024-10,2024-11,2024-10-29T00:00:00,,協力業者T社
CST-01103,PRJ-0021,経費,27473,現場見込み,2025-06,2025-07,2025-06-14T00:00:00,,協力業者K社
CST-01104,PRJ-0132,外注費,13252,確定請求,2026-03,2026-04,2026-03-17T00:00:00,2026-03-22T00:00:00,協力業者K社
CST-01105,PRJ-0124,外注費,59568,確定請求,2024-07,2024-08,2024-07-23T00:00:00,2024-07-24T00:00:00,資材メーカーC
CST-01106,PRJ-0043,外注費,4527,確定請求,2025-06,2025-07,2025-06-12T00:00:00,2025-06-14T00:00:00,協力業者S社
CST-01107,PRJ-0110,労務費,26061,確定請求,2026-01,2026-02,2026-01-30T00:00:00,2026-02-01T00:00:00,協力業者F社
CST-01108,PRJ-0178,外注費,70731,口頭発注,2026-06,2026-07,2026-06-22T00:00:00,,資材メーカーF
CST-01109,PRJ-0127,外注費,34260,口頭発注,2024-11,2024-12,2024-11-24T00:00:00,,資材メーカーD
CST-01110,PRJ-0140,材料費,38268,確定請求,2024-03,2024-04,2024-03-27T00:00:00,2024-03-28T00:00:00,資材メーカーG
CST-01111,PRJ-0002,労務費,46266,現場見込み,2026-05,2026-06,2026-05-08T00:00:00,,資材メーカーD
CST-01112,PRJ-0090,労務費,45040,現場見込み,2024-09,2024-10,2024-09-16T00:00:00,,協力業者O社
CST-01113,PRJ-0032,材料費,79970,現場見込み,2025-10,2025-11,2025-10-26T00:00:00,,資材メーカーE
CST-01114,PRJ-0079,経費,119583,現場見込み,2024-09,2024-10,2024-09-26T00:00:00,,協力業者R社
CST-01115,PRJ-0150,外注費,7658,現場見込み,2024-07,2024-08,2024-07-28T00:00:00,,資材メーカーA
CST-01116,PRJ-0007,外注費,117382,確定請求,2025-08,2025-09,2025-08-20T00:00:00,2025-08-21T00:00:00,資材メーカーG
CST-01117,PRJ-0026,外注費,8516,確定請求,2026-02,2026-03,2026-02-17T00:00:00,2026-02-22T00:00:00,協力業者I社
CST-01118,PRJ-0095,外注費,60588,確定請求,2024-07,2024-08,2024-07-11T00:00:00,2024-07-15T00:00:00,資材メーカーI
CST-01119,PRJ-0056,材料費,129772,確定請求,2025-10,2025-11,2025-10-23T00:00:00,2025-10-27T00:00:00,資材メーカーG
CST-01120,PRJ-0131,外注費,5463,確定請求,2026-07,2026-08,2026-07-19T00:00:00,2026-07-20T00:00:00,資材メーカーE
CST-01121,PRJ-0137,外注費,43555,確定請求,2024-01,2024-02,2024-01-19T00:00:00,2024-01-23T00:00:00,協力業者R社
CST-01122,PRJ-0042,外注費,24350,現場見込み,2026-06,2026-07,2026-06-28T00:00:00,,協力業者R社
CST-01123,PRJ-0077,材料費,72399,現場見込み,2025-06,2025-07,2025-06-11T00:00:00,,資材メーカーE
CST-01124,PRJ-0141,材料費,6357,現場見込み,2024-08,2024-09,2024-08-08T00:00:00,,協力業者M社
CST-01125,PRJ-0104,材料費,58203,確定請求,2025-11,2025-12,2025-11-30T00:00:00,2025-12-01T00:00:00,協力業者S社
CST-01126,PRJ-0086,材料費,64555,確定請求,2024-05,2024-06,2024-05-31T00:00:00,2024-05-31T00:00:00,協力業者Q社
CST-01127,PRJ-0019,外注費,4889,現場見込み,2024-03,2024-04,2024-04-03T00:00:00,,協力業者L社
CST-01128,PRJ-0159,材料費,9144,確定請求,2023-12,2024-01,2023-12-20T00:00:00,2023-12-24T00:00:00,資材メーカーB
CST-01129,PRJ-0137,外注費,74514,確定請求,2024-12,2025-01,2024-12-20T00:00:00,2024-12-21T00:00:00,協力業者F社
CST-01130,PRJ-0155,労務費,31823,確定請求,2024-11,2024-12,2024-11-04T00:00:00,2024-11-08T00:00:00,協力業者F社
CST-01131,PRJ-0096,材料費,54820,確定請求,2026-01,2026-02,2026-01-25T00:00:00,2026-01-27T00:00:00,資材メーカーD
CST-01132,PRJ-0115,労務費,76513,確定請求,2024-01,2024-02,2024-01-29T00:00:00,2024-01-30T00:00:00,協力業者H社
CST-01133,PRJ-0182,外注費,64469,口頭発注,2023-05,2023-06,2023-05-31T00:00:00,,協力業者I社
CST-01134,PRJ-0147,労務費,67382,確定請求,2024-11,2024-12,2024-11-25T00:00:00,2024-11-29T00:00:00,協力業者B社
CST-01135,PRJ-0166,経費,14580,口頭発注,2026-12,2027-01,2026-12-25T00:00:00,,協力業者M社
CST-01136,PRJ-0134,外注費,33811,確定請求,2024-08,2024-09,2024-08-02T00:00:00,2024-08-02T00:00:00,協力業者O社
CST-01137,PRJ-0109,材料費,2946,確定請求,2025-05,2025-06,2025-05-14T00:00:00,2025-05-19T00:00:00,協力業者K社
CST-01138,PRJ-0162,材料費,47605,確定請求,2026-05,2026-06,2026-05-06T00:00:00,2026-05-11T00:00:00,資材メーカーA
CST-01139,PRJ-0145,材料費,51290,現場見込み,2026-01,2026-02,2026-01-25T00:00:00,,協力業者S社
CST-01140,PRJ-0085,材料費,15203,現場見込み,2024-06,2024-07,2024-06-23T00:00:00,,協力業者F社
CST-01141,PRJ-0127,材料費,34546,確定請求,2024-10,2024-11,2024-10-24T00:00:00,2024-10-28T00:00:00,協力業者M社
CST-01142,PRJ-0072,外注費,45244,確定請求,2025-07,2025-08,2025-07-09T00:00:00,2025-07-12T00:00:00,協力業者Q社
CST-01143,PRJ-0032,外注費,39589,現場見込み,2025-06,2025-07,2025-06-11T00:00:00,,協力業者Q社
CST-01144,PRJ-0013,外注費,19652,口頭発注,2024-12,2025-01,2025-01-03T00:00:00,,資材メーカーG
CST-01145,PRJ-0087,経費,33935,現場見込み,2025-03,2025-04,2025-03-25T00:00:00,,資材メーカーF
CST-01146,PRJ-0115,外注費,87044,確定請求,2024-08,2024-09,2024-08-26T00:00:00,2024-08-30T00:00:00,協力業者T社
CST-01147,PRJ-0105,労務費,36700,現場見込み,2024-02,2024-03,2024-02-13T00:00:00,,協力業者O社
CST-01148,PRJ-0096,労務費,69909,口頭発注,2026-04,2026-05,2026-04-22T00:00:00,,協力業者C社
CST-01149,PRJ-0142,労務費,89546,現場見込み,2023-11,2023-12,2023-11-16T00:00:00,,協力業者I社
CST-01150,PRJ-0193,外注費,33959,確定請求,2024-09,2024-10,2024-09-28T00:00:00,2024-09-30T00:00:00,協力業者F社
CST-01151,PRJ-0197,経費,30220,口頭発注,2024-01,2024-02,2024-01-30T00:00:00,,資材メーカーB
CST-01152,PRJ-0054,労務費,55549,確定請求,2025-03,2025-04,2025-03-22T00:00:00,2025-03-27T00:00:00,資材メーカーF
CST-01153,PRJ-0067,外注費,61841,確定請求,2026-01,2026-02,2026-01-12T00:00:00,2026-01-15T00:00:00,協力業者P社
CST-01154,PRJ-0010,外注費,32942,現場見込み,2024-08,2024-09,2024-08-12T00:00:00,,協力業者S社
CST-01155,PRJ-0174,外注費,56838,現場見込み,2024-07,2024-08,2024-07-16T00:00:00,,資材メーカーG
CST-01156,PRJ-0048,経費,21696,確定請求,2023-06,2023-07,2023-06-22T00:00:00,2023-06-23T00:00:00,協力業者H社
CST-01157,PRJ-0068,外注費,69385,現場見込み,2025-11,2025-12,2025-11-04T00:00:00,,協力業者S社
CST-01158,PRJ-0131,労務費,2853,確定請求,2026-02,2026-03,2026-03-01T00:00:00,2026-03-01T00:00:00,資材メーカーA
CST-01159,PRJ-0005,材料費,60306,現場見込み,2024-08,2024-09,2024-08-14T00:00:00,,協力業者B社
CST-01160,PRJ-0083,材料費,54608,確定請求,2023-09,2023-10,2023-09-08T00:00:00,2023-09-12T00:00:00,資材メーカーJ
CST-01161,PRJ-0178,労務費,53002,確定請求,2026-11,2026-12,2026-12-08T00:00:00,2026-12-13T00:00:00,協力業者T社
CST-01162,PRJ-0200,経費,24866,現場見込み,2024-07,2024-08,2024-07-12T00:00:00,,資材メーカーI
CST-01163,PRJ-0106,外注費,11958,口頭発注,2026-02,2026-03,2026-03-01T00:00:00,,協力業者G社
CST-01164,PRJ-0192,外注費,12261,現場見込み,2024-05,2024-06,2024-06-07T00:00:00,,協力業者P社
CST-01165,PRJ-0100,外注費,8334,確定請求,2025-11,2025-12,2025-12-07T00:00:00,2025-12-11T00:00:00,協力業者H社
CST-01166,PRJ-0011,労務費,32327,口頭発注,2024-06,2024-07,2024-07-06T00:00:00,,資材メーカーF
CST-01167,PRJ-0072,外注費,64627,確定請求,2025-10,2025-11,2025-10-28T00:00:00,2025-10-30T00:00:00,協力業者T社
CST-01168,PRJ-0169,材料費,73582,口頭発注,2024-09,2024-10,2024-09-10T00:00:00,,資材メーカーD
CST-01169,PRJ-0124,外注費,74513,確定請求,2024-09,2024-10,2024-10-07T00:00:00,2024-10-07T00:00:00,協力業者T社
CST-01170,PRJ-0121,材料費,62999,確定請求,2024-03,2024-04,2024-04-01T00:00:00,2024-04-02T00:00:00,協力業者M社
CST-01171,PRJ-0002,外注費,54584,確定請求,2024-09,2024-10,2024-09-29T00:00:00,2024-10-03T00:00:00,協力業者A社
CST-01172,PRJ-0196,材料費,9637,確定請求,2026-04,2026-05,2026-04-09T00:00:00,2026-04-10T00:00:00,資材メーカーB
CST-01173,PRJ-0094,外注費,2353,確定請求,2023-09,2023-10,2023-09-17T00:00:00,2023-09-21T00:00:00,協力業者F社
CST-01174,PRJ-0180,外注費,14684,確定請求,2025-09,2025-10,2025-09-30T00:00:00,2025-10-04T00:00:00,資材メーカーI
CST-01175,PRJ-0120,外注費,87249,現場見込み,2025-05,2025-06,2025-05-29T00:00:00,,協力業者C社
CST-01176,PRJ-0149,材料費,3023,確定請求,2025-01,2025-02,2025-02-04T00:00:00,2025-02-08T00:00:00,協力業者E社
CST-01177,PRJ-0101,外注費,43266,確定請求,2024-03,2024-04,2024-03-09T00:00:00,2024-03-13T00:00:00,資材メーカーI
CST-01178,PRJ-0055,外注費,20651,確定請求,2024-06,2024-07,2024-06-13T00:00:00,2024-06-18T00:00:00,協力業者L社
CST-01179,PRJ-0087,労務費,24834,確定請求,2025-04,2025-05,2025-04-12T00:00:00,2025-04-15T00:00:00,協力業者N社
CST-01180,PRJ-0169,労務費,59929,現場見込み,2025-02,2025-03,2025-02-18T00:00:00,,資材メーカーE
CST-01181,PRJ-0200,材料費,39287,現場見込み,2024-12,2025-01,2025-01-03T00:00:00,,協力業者S社
CST-01182,PRJ-0138,経費,41591,口頭発注,2023-09,2023-10,2023-09-27T00:00:00,,協力業者N社
CST-01183,PRJ-0029,労務費,7726,確定請求,2024-06,2024-07,2024-06-07T00:00:00,2024-06-07T00:00:00,協力業者P社
CST-01184,PRJ-0069,労務費,90424,現場見込み,2024-10,2024-11,2024-10-14T00:00:00,,協力業者T社
CST-01185,PRJ-0085,外注費,10885,確定請求,2024-03,2024-04,2024-03-30T00:00:00,2024-03-30T00:00:00,協力業者I社
CST-01186,PRJ-0144,外注費,16500,確定請求,2025-08,2025-09,2025-08-24T00:00:00,2025-08-28T00:00:00,資材メーカーD
CST-01187,PRJ-0154,材料費,13189,確定請求,2024-03,2024-04,2024-03-16T00:00:00,2024-03-16T00:00:00,協力業者D社
CST-01188,PRJ-0080,外注費,16102,現場見込み,2025-07,2025-08,2025-07-19T00:00:00,,資材メーカーA
CST-01189,PRJ-0083,労務費,59841,現場見込み,2023-10,2023-11,2023-10-10T00:00:00,,協力業者N社
CST-01190,PRJ-0172,外注費,45160,確定請求,2025-06,2025-07,2025-07-04T00:00:00,2025-07-09T00:00:00,協力業者E社
CST-01191,PRJ-0161,外注費,52899,確定請求,2026-09,2026-10,2026-09-12T00:00:00,2026-09-16T00:00:00,協力業者I社
CST-01192,PRJ-0139,外注費,44955,確定請求,2025-04,2025-05,2025-04-07T00:00:00,2025-04-11T00:00:00,協力業者S社
CST-01193,PRJ-0008,材料費,26842,確定請求,2024-03,2024-04,2024-04-04T00:00:00,2024-04-05T00:00:00,資材メーカーB
CST-01194,PRJ-0064,経費,32958,確定請求,2024-10,2024-11,2024-11-03T00:00:00,2024-11-06T00:00:00,協力業者R社
CST-01195,PRJ-0023,材料費,90903,確定請求,2025-11,2025-12,2025-11-28T00:00:00,2025-12-02T00:00:00,協力業者L社
CST-01196,PRJ-0013,外注費,31943,確定請求,2025-05,2025-06,2025-05-16T00:00:00,2025-05-20T00:00:00,協力業者I社
CST-01197,PRJ-0006,外注費,5202,確定請求,2023-12,2024-01,2024-01-03T00:00:00,2024-01-08T00:00:00,資材メーカーE
CST-01198,PRJ-0065,労務費,47654,確定請求,2025-11,2025-12,2025-11-30T00:00:00,2025-12-05T00:00:00,資材メーカーH
CST-01199,PRJ-0107,外注費,88600,確定請求,2024-05,2024-06,2024-05-14T00:00:00,2024-05-14T00:00:00,協力業者O社
CST-01200,PRJ-0131,材料費,3105,確定請求,2026-04,2026-05,2026-04-09T00:00:00,2026-04-11T00:00:00,協力業者Q社
CST-01201,PRJ-0018,材料費,12085,確定請求,2024-01,2024-02,2024-01-10T00:00:00,2024-01-15T00:00:00,協力業者F社
CST-01202,PRJ-0169,労務費,58664,確定請求,2024-07,2024-08,2024-07-27T00:00:00,2024-07-28T00:00:00,資材メーカーF
CST-01203,PRJ-0067,経費,34371,確定請求,2027-01,2027-02,2027-01-15T00:00:00,2027-01-18T00:00:00,資材メーカーJ
CST-01204,PRJ-0068,外注費,76251,現場見込み,2024-06,2024-07,2024-06-27T00:00:00,,協力業者C社
CST-01205,PRJ-0171,外注費,56168,確定請求,2023-12,2024-01,2023-12-22T00:00:00,2023-12-26T00:00:00,協力業者L社
CST-01206,PRJ-0040,労務費,10176,確定請求,2024-01,2024-02,2024-02-06T00:00:00,2024-02-09T00:00:00,資材メーカーD
CST-01207,PRJ-0168,外注費,74139,確定請求,2025-09,2025-10,2025-09-22T00:00:00,2025-09-24T00:00:00,資材メーカーA
CST-01208,PRJ-0037,外注費,24382,確定請求,2024-08,2024-09,2024-08-07T00:00:00,2024-08-12T00:00:00,資材メーカーE
CST-01209,PRJ-0030,労務費,37035,確定請求,2025-01,2025-02,2025-01-22T00:00:00,2025-01-23T00:00:00,協力業者O社
CST-01210,PRJ-0017,材料費,45147,確定請求,2026-04,2026-05,2026-04-12T00:00:00,2026-04-14T00:00:00,資材メーカーJ
CST-01211,PRJ-0017,労務費,63821,確定請求,2025-08,2025-09,2025-08-19T00:00:00,2025-08-23T00:00:00,協力業者B社
CST-01212,PRJ-0017,外注費,36756,現場見込み,2026-01,2026-02,2026-01-25T00:00:00,,資材メーカーC
CST-01213,PRJ-0195,外注費,11032,確定請求,2026-04,2026-05,2026-04-10T00:00:00,2026-04-12T00:00:00,資材メーカーB
CST-01214,PRJ-0188,経費,102501,確定請求,2026-05,2026-06,2026-05-17T00:00:00,2026-05-18T00:00:00,資材メーカーA
CST-01215,PRJ-0158,外注費,34293,確定請求,2025-06,2025-07,2025-06-26T00:00:00,2025-06-28T00:00:00,協力業者I社
CST-01216,PRJ-0092,経費,49135,確定請求,2024-03,2024-04,2024-04-01T00:00:00,2024-04-02T00:00:00,協力業者M社
CST-01217,PRJ-0105,経費,39256,確定請求,2024-08,2024-09,2024-08-24T00:00:00,2024-08-24T00:00:00,協力業者A社
CST-01218,PRJ-0188,材料費,67495,確定請求,2027-03,2027-04,2027-04-08T00:00:00,2027-04-12T00:00:00,協力業者J社
CST-01219,PRJ-0094,外注費,2184,確定請求,2024-05,2024-06,2024-05-29T00:00:00,2024-05-30T00:00:00,協力業者L社
CST-01220,PRJ-0015,外注費,50380,確定請求,2024-04,2024-05,2024-04-14T00:00:00,2024-04-17T00:00:00,協力業者G社
CST-01221,PRJ-0176,材料費,45481,確定請求,2025-05,2025-06,2025-05-16T00:00:00,2025-05-17T00:00:00,協力業者A社
CST-01222,PRJ-0189,外注費,15367,確定請求,2026-05,2026-06,2026-05-20T00:00:00,2026-05-24T00:00:00,協力業者Q社
CST-01223,PRJ-0023,材料費,64217,口頭発注,2025-08,2025-09,2025-08-07T00:00:00,,協力業者Q社
CST-01224,PRJ-0048,材料費,33626,現場見込み,2023-12,2024-01,2023-12-10T00:00:00,,協力業者D社
CST-01225,PRJ-0095,外注費,41795,確定請求,2025-01,2025-02,2025-01-21T00:00:00,2025-01-25T00:00:00,資材メーカーI
CST-01226,PRJ-0156,外注費,37840,現場見込み,2025-02,2025-03,2025-03-01T00:00:00,,資材メーカーC
CST-01227,PRJ-0011,労務費,23152,確定請求,2024-10,2024-11,2024-11-01T00:00:00,2024-11-02T00:00:00,協力業者S社
CST-01228,PRJ-0055,労務費,24256,口頭発注,2024-03,2024-04,2024-03-29T00:00:00,,資材メーカーE
CST-01229,PRJ-0067,外注費,55351,確定請求,2026-12,2027-01,2027-01-04T00:00:00,2027-01-04T00:00:00,資材メーカーI
CST-01230,PRJ-0027,材料費,83707,確定請求,2026-05,2026-06,2026-05-25T00:00:00,2026-05-25T00:00:00,協力業者D社
CST-01231,PRJ-0072,経費,47768,口頭発注,2026-05,2026-06,2026-05-16T00:00:00,,資材メーカーA
CST-01232,PRJ-0146,外注費,102539,確定請求,2026-11,2026-12,2026-11-25T00:00:00,2026-11-27T00:00:00,資材メーカーC
CST-01233,PRJ-0044,外注費,4542,確定請求,2024-08,2024-09,2024-08-26T00:00:00,2024-08-30T00:00:00,協力業者L社
CST-01234,PRJ-0094,経費,2464,確定請求,2023-06,2023-07,2023-06-17T00:00:00,2023-06-18T00:00:00,資材メーカーC
CST-01235,PRJ-0066,外注費,7025,現場見込み,2026-04,2026-05,2026-04-27T00:00:00,,協力業者C社
CST-01236,PRJ-0078,労務費,41319,口頭発注,2025-06,2025-07,2025-06-23T00:00:00,,協力業者C社
CST-01237,PRJ-0154,経費,18403,現場見込み,2023-12,2024-01,2023-12-16T00:00:00,,協力業者P社
CST-01238,PRJ-0105,外注費,29329,確定請求,2024-05,2024-06,2024-06-09T00:00:00,2024-06-11T00:00:00,協力業者G社
CST-01239,PRJ-0191,労務費,32629,確定請求,2026-06,2026-07,2026-06-25T00:00:00,2026-06-28T00:00:00,資材メーカーD
CST-01240,PRJ-0069,外注費,69595,確定請求,2024-08,2024-09,2024-08-27T00:00:00,2024-08-29T00:00:00,協力業者H社
CST-01241,PRJ-0059,経費,14701,確定請求,2023-08,2023-09,2023-09-02T00:00:00,2023-09-03T00:00:00,協力業者H社
CST-01242,PRJ-0108,労務費,45294,現場見込み,2025-01,2025-02,2025-01-22T00:00:00,,協力業者L社
CST-01243,PRJ-0166,経費,13210,確定請求,2026-04,2026-05,2026-04-03T00:00:00,2026-04-08T00:00:00,協力業者D社
CST-01244,PRJ-0019,外注費,5032,現場見込み,2024-05,2024-06,2024-05-14T00:00:00,,協力業者T社
CST-01245,PRJ-0122,労務費,55781,確定請求,2026-03,2026-04,2026-03-15T00:00:00,2026-03-15T00:00:00,資材メーカーH
CST-01246,PRJ-0015,労務費,32824,口頭発注,2024-06,2024-07,2024-06-13T00:00:00,,協力業者P社
CST-01247,PRJ-0192,労務費,12134,確定請求,2024-06,2024-07,2024-06-10T00:00:00,2024-06-14T00:00:00,協力業者K社
CST-01248,PRJ-0092,労務費,76950,確定請求,2024-01,2024-02,2024-01-23T00:00:00,2024-01-27T00:00:00,協力業者P社
CST-01249,PRJ-0181,材料費,43343,確定請求,2024-04,2024-05,2024-04-24T00:00:00,2024-04-28T00:00:00,協力業者M社
CST-01250,PRJ-0157,材料費,25674,確定請求,2024-09,2024-10,2024-09-28T00:00:00,2024-10-01T00:00:00,協力業者B社
CST-01251,PRJ-0153,労務費,37409,確定請求,2025-05,2025-06,2025-05-15T00:00:00,2025-05-19T00:00:00,協力業者R社
CST-01252,PRJ-0009,材料費,33362,口頭発注,2023-08,2023-09,2023-08-16T00:00:00,,協力業者M社
CST-01253,PRJ-0027,材料費,102029,確定請求,2026-05,2026-06,2026-05-17T00:00:00,2026-05-20T00:00:00,協力業者D社
CST-01254,PRJ-0098,外注費,43148,確定請求,2026-02,2026-03,2026-03-01T00:00:00,2026-03-01T00:00:00,資材メーカーC
CST-01255,PRJ-0012,労務費,34101,確定請求,2025-06,2025-07,2025-06-11T00:00:00,2025-06-15T00:00:00,協力業者G社
CST-01256,PRJ-0066,外注費,6114,現場見込み,2025-10,2025-11,2025-10-17T00:00:00,,協力業者K社
CST-01257,PRJ-0160,外注費,3577,現場見込み,2027-01,2027-02,2027-01-26T00:00:00,,資材メーカーH
CST-01258,PRJ-0016,外注費,11026,確定請求,2026-04,2026-05,2026-04-06T00:00:00,2026-04-07T00:00:00,協力業者R社
CST-01259,PRJ-0108,外注費,50936,確定請求,2024-01,2024-02,2024-02-06T00:00:00,2024-02-08T00:00:00,協力業者P社
CST-01260,PRJ-0130,労務費,27292,確定請求,2025-01,2025-02,2025-02-02T00:00:00,2025-02-05T00:00:00,協力業者F社
CST-01261,PRJ-0149,外注費,3803,確定請求,2024-06,2024-07,2024-06-15T00:00:00,2024-06-17T00:00:00,協力業者N社
CST-01262,PRJ-0153,材料費,27496,確定請求,2025-04,2025-05,2025-04-13T00:00:00,2025-04-14T00:00:00,協力業者I社
CST-01263,PRJ-0130,外注費,25276,確定請求,2025-08,2025-09,2025-09-03T00:00:00,2025-09-08T00:00:00,協力業者E社
CST-01264,PRJ-0107,労務費,47773,確定請求,2024-05,2024-06,2024-05-12T00:00:00,2024-05-17T00:00:00,資材メーカーG
CST-01265,PRJ-0167,外注費,6919,確定請求,2026-01,2026-02,2026-02-01T00:00:00,2026-02-05T00:00:00,資材メーカーF
CST-01266,PRJ-0139,外注費,85145,現場見込み,2025-04,2025-05,2025-04-17T00:00:00,,資材メーカーH
CST-01267,PRJ-0127,外注費,35155,現場見込み,2024-02,2024-03,2024-03-01T00:00:00,,協力業者E社
CST-01268,PRJ-0014,外注費,38593,現場見込み,2026-03,2026-04,2026-03-20T00:00:00,,資材メーカーF
CST-01269,PRJ-0019,労務費,7349,確定請求,2023-12,2024-01,2023-12-11T00:00:00,2023-12-12T00:00:00,協力業者N社
CST-01270,PRJ-0047,外注費,24698,確定請求,2023-10,2023-11,2023-11-08T00:00:00,2023-11-13T00:00:00,協力業者Q社
CST-01271,PRJ-0031,材料費,2664,口頭発注,2024-05,2024-06,2024-05-27T00:00:00,,資材メーカーF
CST-01272,PRJ-0194,外注費,6205,確定請求,2024-02,2024-03,2024-03-07T00:00:00,2024-03-11T00:00:00,協力業者I社
CST-01273,PRJ-0033,外注費,83796,確定請求,2023-12,2024-01,2023-12-05T00:00:00,2023-12-10T00:00:00,協力業者M社
CST-01274,PRJ-0094,外注費,1970,確定請求,2023-11,2023-12,2023-11-21T00:00:00,2023-11-23T00:00:00,協力業者B社
CST-01275,PRJ-0007,外注費,61825,確定請求,2026-03,2026-04,2026-03-07T00:00:00,2026-03-10T00:00:00,資材メーカーG
CST-01276,PRJ-0105,外注費,43104,現場見込み,2024-05,2024-06,2024-05-26T00:00:00,,協力業者I社
CST-01277,PRJ-0191,労務費,24089,確定請求,2026-12,2027-01,2026-12-28T00:00:00,2026-12-30T00:00:00,協力業者R社
CST-01278,PRJ-0186,外注費,37143,確定請求,2025-02,2025-03,2025-02-17T00:00:00,2025-02-17T00:00:00,協力業者A社
CST-01279,PRJ-0157,外注費,25391,確定請求,2025-01,2025-02,2025-01-21T00:00:00,2025-01-22T00:00:00,資材メーカーH
CST-01280,PRJ-0004,外注費,7958,確定請求,2025-04,2025-05,2025-05-03T00:00:00,2025-05-04T00:00:00,協力業者S社
CST-01281,PRJ-0087,外注費,23455,口頭発注,2024-12,2025-01,2024-12-09T00:00:00,,協力業者L社
CST-01282,PRJ-0105,労務費,36527,確定請求,2024-08,2024-09,2024-08-26T00:00:00,2024-08-26T00:00:00,協力業者P社
CST-01283,PRJ-0101,外注費,27891,現場見込み,2025-03,2025-04,2025-03-31T00:00:00,,協力業者T社
CST-01284,PRJ-0034,労務費,26541,確定請求,2025-01,2025-02,2025-01-07T00:00:00,2025-01-08T00:00:00,資材メーカーA
CST-01285,PRJ-0177,外注費,39453,確定請求,2025-06,2025-07,2025-06-14T00:00:00,2025-06-17T00:00:00,資材メーカーF
CST-01286,PRJ-0112,材料費,34238,現場見込み,2025-04,2025-05,2025-04-12T00:00:00,,協力業者S社
CST-01287,PRJ-0001,労務費,30971,現場見込み,2023-12,2024-01,2023-12-24T00:00:00,,協力業者C社
CST-01288,PRJ-0109,外注費,3282,現場見込み,2025-02,2025-03,2025-02-28T00:00:00,,協力業者H社
CST-01289,PRJ-0187,経費,19027,現場見込み,2025-10,2025-11,2025-10-19T00:00:00,,資材メーカーA
CST-01290,PRJ-0014,労務費,35100,現場見込み,2026-07,2026-08,2026-07-28T00:00:00,,協力業者I社
CST-01291,PRJ-0152,外注費,37860,現場見込み,2027-05,2027-06,2027-05-19T00:00:00,,協力業者M社
CST-01292,PRJ-0193,労務費,31869,確定請求,2025-07,2025-08,2025-07-30T00:00:00,2025-08-04T00:00:00,資材メーカーE
CST-01293,PRJ-0040,労務費,9664,現場見込み,2024-11,2024-12,2024-11-14T00:00:00,,協力業者Q社
CST-01294,PRJ-0168,外注費,90451,確定請求,2025-07,2025-08,2025-07-26T00:00:00,2025-07-26T00:00:00,協力業者F社
CST-01295,PRJ-0140,材料費,48411,確定請求,2023-10,2023-11,2023-10-22T00:00:00,2023-10-27T00:00:00,資材メーカーD
CST-01296,PRJ-0051,外注費,105132,確定請求,2025-06,2025-07,2025-06-26T00:00:00,2025-06-27T00:00:00,資材メーカーD
CST-01297,PRJ-0197,外注費,16169,現場見込み,2024-02,2024-03,2024-02-22T00:00:00,,協力業者M社
CST-01298,PRJ-0188,外注費,75884,現場見込み,2025-12,2026-01,2025-12-28T00:00:00,,協力業者C社
CST-01299,PRJ-0081,外注費,109818,確定請求,2025-11,2025-12,2025-11-11T00:00:00,2025-11-14T00:00:00,協力業者B社
CST-01300,PRJ-0048,材料費,24205,口頭発注,2024-03,2024-04,2024-03-06T00:00:00,,資材メーカーE
CST-01301,PRJ-0094,外注費,2523,確定請求,2023-09,2023-10,2023-09-27T00:00:00,2023-09-28T00:00:00,協力業者I社
CST-01302,PRJ-0170,労務費,20110,現場見込み,2025-09,2025-10,2025-09-17T00:00:00,,資材メーカーA
CST-01303,PRJ-0086,外注費,66183,確定請求,2024-03,2024-04,2024-03-08T00:00:00,2024-03-13T00:00:00,協力業者H社
CST-01304,PRJ-0045,労務費,34984,確定請求,2025-11,2025-12,2025-11-26T00:00:00,2025-11-27T00:00:00,協力業者O社
CST-01305,PRJ-0093,材料費,17773,確定請求,2024-02,2024-03,2024-03-03T00:00:00,2024-03-03T00:00:00,資材メーカーG
CST-01306,PRJ-0087,材料費,26614,現場見込み,2024-07,2024-08,2024-08-03T00:00:00,,資材メーカーB
CST-01307,PRJ-0182,外注費,58961,確定請求,2024-07,2024-08,2024-07-12T00:00:00,2024-07-15T00:00:00,資材メーカーJ
CST-01308,PRJ-0098,外注費,71676,確定請求,2026-08,2026-09,2026-08-11T00:00:00,2026-08-13T00:00:00,資材メーカーH
CST-01309,PRJ-0166,外注費,18484,確定請求,2027-06,2027-07,2027-06-30T00:00:00,2027-07-05T00:00:00,協力業者O社
CST-01310,PRJ-0040,外注費,10471,口頭発注,2024-10,2024-11,2024-10-23T00:00:00,,協力業者F社
CST-01311,PRJ-0193,外注費,39597,確定請求,2025-12,2026-01,2026-01-06T00:00:00,2026-01-09T00:00:00,協力業者O社
CST-01312,PRJ-0108,外注費,52736,現場見込み,2024-10,2024-11,2024-10-23T00:00:00,,資材メーカーA
CST-01313,PRJ-0186,外注費,50588,確定請求,2025-02,2025-03,2025-02-07T00:00:00,2025-02-10T00:00:00,資材メーカーJ
CST-01314,PRJ-0196,材料費,10478,現場見込み,2026-04,2026-05,2026-04-13T00:00:00,,協力業者H社
CST-01315,PRJ-0128,外注費,49058,現場見込み,2024-11,2024-12,2024-11-08T00:00:00,,協力業者J社
CST-01316,PRJ-0012,外注費,55052,現場見込み,2025-03,2025-04,2025-04-01T00:00:00,,協力業者I社
CST-01317,PRJ-0161,労務費,69427,現場見込み,2026-04,2026-05,2026-04-17T00:00:00,,協力業者A社
CST-01318,PRJ-0147,外注費,31075,確定請求,2025-04,2025-05,2025-04-21T00:00:00,2025-04-23T00:00:00,資材メーカーG
CST-01319,PRJ-0170,材料費,21615,現場見込み,2025-11,2025-12,2025-11-10T00:00:00,,協力業者P社
CST-01320,PRJ-0088,労務費,42618,確定請求,2024-12,2025-01,2025-01-03T00:00:00,2025-01-06T00:00:00,資材メーカーC
CST-01321,PRJ-0145,労務費,67781,確定請求,2026-02,2026-03,2026-03-01T00:00:00,2026-03-03T00:00:00,協力業者A社
CST-01322,PRJ-0042,外注費,34028,確定請求,2026-04,2026-05,2026-04-06T00:00:00,2026-04-10T00:00:00,協力業者H社
CST-01323,PRJ-0114,外注費,31247,口頭発注,2025-07,2025-08,2025-07-14T00:00:00,,協力業者G社
CST-01324,PRJ-0058,労務費,41436,確定請求,2026-03,2026-04,2026-03-17T00:00:00,2026-03-18T00:00:00,協力業者N社
CST-01325,PRJ-0040,労務費,11583,確定請求,2024-04,2024-05,2024-04-10T00:00:00,2024-04-13T00:00:00,資材メーカーC
CST-01326,PRJ-0092,労務費,104612,確定請求,2023-12,2024-01,2023-12-25T00:00:00,2023-12-28T00:00:00,協力業者I社
CST-01327,PRJ-0134,材料費,24453,確定請求,2024-05,2024-06,2024-05-28T00:00:00,2024-06-01T00:00:00,協力業者H社
CST-01328,PRJ-0133,外注費,64350,確定請求,2026-12,2027-01,2026-12-20T00:00:00,2026-12-22T00:00:00,資材メーカーB
CST-01329,PRJ-0020,外注費,19395,確定請求,2025-10,2025-11,2025-10-26T00:00:00,2025-10-29T00:00:00,資材メーカーF
CST-01330,PRJ-0062,材料費,29062,確定請求,2025-04,2025-05,2025-04-29T00:00:00,2025-04-30T00:00:00,資材メーカーH
CST-01331,PRJ-0149,外注費,2742,確定請求,2024-05,2024-06,2024-05-04T00:00:00,2024-05-09T00:00:00,協力業者J社
CST-01332,PRJ-0134,材料費,35726,現場見込み,2024-04,2024-05,2024-04-13T00:00:00,,協力業者T社
CST-01333,PRJ-0057,労務費,5529,確定請求,2025-08,2025-09,2025-08-31T00:00:00,2025-09-03T00:00:00,資材メーカーC
CST-01334,PRJ-0035,外注費,40880,確定請求,2025-01,2025-02,2025-01-09T00:00:00,2025-01-10T00:00:00,協力業者K社
CST-01335,PRJ-0077,外注費,54075,確定請求,2023-09,2023-10,2023-09-29T00:00:00,2023-09-30T00:00:00,協力業者R社
CST-01336,PRJ-0143,材料費,30084,確定請求,2023-11,2023-12,2023-11-23T00:00:00,2023-11-24T00:00:00,協力業者J社
CST-01337,PRJ-0028,労務費,22514,確定請求,2026-06,2026-07,2026-06-29T00:00:00,2026-06-30T00:00:00,協力業者O社
CST-01338,PRJ-0177,材料費,30839,確定請求,2024-08,2024-09,2024-09-01T00:00:00,2024-09-04T00:00:00,協力業者E社
CST-01339,PRJ-0168,外注費,66937,確定請求,2025-06,2025-07,2025-06-10T00:00:00,2025-06-12T00:00:00,協力業者K社
CST-01340,PRJ-0036,外注費,27694,確定請求,2025-03,2025-04,2025-03-13T00:00:00,2025-03-18T00:00:00,協力業者L社
CST-01341,PRJ-0163,労務費,64390,現場見込み,2024-04,2024-05,2024-04-09T00:00:00,,協力業者K社
CST-01342,PRJ-0159,外注費,10562,口頭発注,2024-05,2024-06,2024-05-08T00:00:00,,協力業者B社
CST-01343,PRJ-0054,外注費,41450,口頭発注,2025-02,2025-03,2025-03-02T00:00:00,,協力業者C社
CST-01344,PRJ-0113,外注費,63790,確定請求,2025-02,2025-03,2025-02-18T00:00:00,2025-02-20T00:00:00,協力業者F社
CST-01345,PRJ-0137,労務費,75306,口頭発注,2024-07,2024-08,2024-07-10T00:00:00,,資材メーカーG
CST-01346,PRJ-0063,外注費,95333,確定請求,2024-06,2024-07,2024-06-13T00:00:00,2024-06-16T00:00:00,資材メーカーE
CST-01347,PRJ-0118,外注費,9061,確定請求,2025-02,2025-03,2025-02-13T00:00:00,2025-02-18T00:00:00,協力業者O社
CST-01348,PRJ-0010,外注費,58052,確定請求,2024-05,2024-06,2024-05-19T00:00:00,2024-05-24T00:00:00,協力業者G社
CST-01349,PRJ-0160,材料費,4565,確定請求,2025-08,2025-09,2025-08-12T00:00:00,2025-08-15T00:00:00,協力業者Q社
CST-01350,PRJ-0063,外注費,132136,現場見込み,2024-10,2024-11,2024-10-29T00:00:00,,資材メーカーB
CST-01351,PRJ-0186,経費,45402,現場見込み,2025-02,2025-03,2025-02-05T00:00:00,,協力業者F社
CST-01352,PRJ-0115,外注費,67426,現場見込み,2024-07,2024-08,2024-07-28T00:00:00,,資材メーカーJ
CST-01353,PRJ-0075,材料費,44338,現場見込み,2025-09,2025-10,2025-09-26T00:00:00,,協力業者D社
CST-01354,PRJ-0124,外注費,62598,口頭発注,2024-10,2024-11,2024-10-16T00:00:00,,資材メーカーA
CST-01355,PRJ-0079,労務費,78528,現場見込み,2024-04,2024-05,2024-04-30T00:00:00,,協力業者L社
CST-01356,PRJ-0050,材料費,43993,確定請求,2024-10,2024-11,2024-10-04T00:00:00,2024-10-05T00:00:00,協力業者G社
CST-01357,PRJ-0197,材料費,25103,確定請求,2024-07,2024-08,2024-07-07T00:00:00,2024-07-08T00:00:00,協力業者K社
CST-01358,PRJ-0091,外注費,18164,口頭発注,2024-05,2024-06,2024-05-26T00:00:00,,協力業者S社
CST-01359,PRJ-0058,外注費,36597,確定請求,2025-09,2025-10,2025-09-26T00:00:00,2025-09-26T00:00:00,資材メーカーF
CST-01360,PRJ-0128,外注費,50959,確定請求,2023-09,2023-10,2023-09-28T00:00:00,2023-10-03T00:00:00,協力業者S社
CST-01361,PRJ-0190,労務費,54030,確定請求,2024-10,2024-11,2024-10-12T00:00:00,2024-10-13T00:00:00,協力業者L社
CST-01362,PRJ-0004,材料費,8370,現場見込み,2024-09,2024-10,2024-09-23T00:00:00,,協力業者P社
CST-01363,PRJ-0184,材料費,33030,確定請求,2025-12,2026-01,2026-01-03T00:00:00,2026-01-08T00:00:00,協力業者T社
CST-01364,PRJ-0069,外注費,61019,現場見込み,2024-06,2024-07,2024-06-18T00:00:00,,協力業者B社
CST-01365,PRJ-0053,外注費,138615,現場見込み,2025-10,2025-11,2025-10-27T00:00:00,,協力業者E社
CST-01366,PRJ-0139,材料費,47644,確定請求,2024-05,2024-06,2024-05-20T00:00:00,2024-05-21T00:00:00,協力業者E社
CST-01367,PRJ-0017,外注費,71566,確定請求,2025-10,2025-11,2025-10-17T00:00:00,2025-10-20T00:00:00,協力業者R社
CST-01368,PRJ-0096,材料費,67909,口頭発注,2026-03,2026-04,2026-03-13T00:00:00,,協力業者A社
CST-01369,PRJ-0106,労務費,12533,確定請求,2026-11,2026-12,2026-11-30T00:00:00,2026-12-02T00:00:00,資材メーカーD
CST-01370,PRJ-0199,外注費,45439,確定請求,2025-01,2025-02,2025-02-07T00:00:00,2025-02-11T00:00:00,協力業者P社
CST-01371,PRJ-0030,労務費,84769,確定請求,2024-10,2024-11,2024-10-18T00:00:00,2024-10-19T00:00:00,協力業者R社
CST-01372,PRJ-0033,労務費,47273,口頭発注,2024-04,2024-05,2024-04-23T00:00:00,,協力業者F社
CST-01373,PRJ-0015,材料費,46135,現場見込み,2024-01,2024-02,2024-02-08T00:00:00,,協力業者K社
CST-01374,PRJ-0111,材料費,79905,確定請求,2024-03,2024-04,2024-03-27T00:00:00,2024-03-31T00:00:00,資材メーカーH
CST-01375,PRJ-0088,外注費,40022,確定請求,2025-05,2025-06,2025-06-09T00:00:00,2025-06-10T00:00:00,協力業者C社
CST-01376,PRJ-0007,経費,51156,確定請求,2026-02,2026-03,2026-02-25T00:00:00,2026-03-01T00:00:00,協力業者J社
CST-01377,PRJ-0176,外注費,69928,確定請求,2025-03,2025-04,2025-03-19T00:00:00,2025-03-24T00:00:00,協力業者O社
CST-01378,PRJ-0091,外注費,15681,現場見込み,2024-09,2024-10,2024-09-22T00:00:00,,協力業者M社
CST-01379,PRJ-0158,労務費,33778,現場見込み,2025-04,2025-05,2025-04-17T00:00:00,,協力業者T社
CST-01380,PRJ-0093,外注費,16932,確定請求,2024-04,2024-05,2024-04-23T00:00:00,2024-04-28T00:00:00,協力業者H社
CST-01381,PRJ-0055,材料費,24265,確定請求,2023-06,2023-07,2023-06-21T00:00:00,2023-06-24T00:00:00,資材メーカーB
CST-01382,PRJ-0188,経費,65668,確定請求,2026-03,2026-04,2026-04-04T00:00:00,2026-04-08T00:00:00,協力業者Q社
CST-01383,PRJ-0156,材料費,41112,確定請求,2025-01,2025-02,2025-01-07T00:00:00,2025-01-09T00:00:00,協力業者T社
CST-01384,PRJ-0016,経費,14999,確定請求,2026-11,2026-12,2026-11-21T00:00:00,2026-11-21T00:00:00,資材メーカーA
CST-01385,PRJ-0175,外注費,78015,確定請求,2024-11,2024-12,2024-11-15T00:00:00,2024-11-15T00:00:00,協力業者Q社
CST-01386,PRJ-0021,外注費,38158,確定請求,2025-05,2025-06,2025-05-05T00:00:00,2025-05-06T00:00:00,協力業者F社
CST-01387,PRJ-0155,材料費,39758,確定請求,2023-11,2023-12,2023-11-24T00:00:00,2023-11-24T00:00:00,協力業者P社
CST-01388,PRJ-0136,労務費,51366,現場見込み,2024-11,2024-12,2024-11-26T00:00:00,,協力業者S社
CST-01389,PRJ-0009,外注費,60709,現場見込み,2023-11,2023-12,2023-11-10T00:00:00,,協力業者P社
CST-01390,PRJ-0180,労務費,19159,現場見込み,2027-04,2027-05,2027-04-10T00:00:00,,協力業者I社
CST-01391,PRJ-0078,材料費,52382,確定請求,2025-06,2025-07,2025-07-06T00:00:00,2025-07-11T00:00:00,協力業者H社
CST-01392,PRJ-0013,材料費,30774,確定請求,2024-03,2024-04,2024-03-18T00:00:00,2024-03-23T00:00:00,協力業者A社
CST-01393,PRJ-0042,外注費,35599,現場見込み,2026-03,2026-04,2026-03-11T00:00:00,,資材メーカーJ
CST-01394,PRJ-0051,外注費,100422,確定請求,2025-10,2025-11,2025-10-14T00:00:00,2025-10-16T00:00:00,資材メーカーF
CST-01395,PRJ-0038,外注費,164963,現場見込み,2023-12,2024-01,2024-01-06T00:00:00,,資材メーカーG
CST-01396,PRJ-0007,外注費,89446,口頭発注,2026-08,2026-09,2026-08-16T00:00:00,,資材メーカーC
CST-01397,PRJ-0075,材料費,28835,確定請求,2026-02,2026-03,2026-02-28T00:00:00,2026-03-04T00:00:00,協力業者T社
CST-01398,PRJ-0134,材料費,41281,確定請求,2023-12,2024-01,2023-12-23T00:00:00,2023-12-25T00:00:00,資材メーカーD
CST-01399,PRJ-0053,材料費,60911,確定請求,2024-03,2024-04,2024-03-25T00:00:00,2024-03-25T00:00:00,協力業者G社
CST-01400,PRJ-0005,外注費,58699,確定請求,2024-06,2024-07,2024-06-29T00:00:00,2024-07-03T00:00:00,資材メーカーD
CST-01401,PRJ-0026,外注費,7991,口頭発注,2026-05,2026-06,2026-05-27T00:00:00,,協力業者G社
CST-01402,PRJ-0115,外注費,81886,確定請求,2024-05,2024-06,2024-05-28T00:00:00,2024-06-01T00:00:00,資材メーカーB
CST-01403,PRJ-0167,材料費,8286,口頭発注,2025-12,2026-01,2025-12-21T00:00:00,,協力業者R社
CST-01404,PRJ-0047,労務費,22915,現場見込み,2023-09,2023-10,2023-09-07T00:00:00,,資材メーカーD
CST-01405,PRJ-0111,外注費,56339,現場見込み,2024-06,2024-07,2024-06-18T00:00:00,,資材メーカーB
CST-01406,PRJ-0045,材料費,62605,現場見込み,2026-12,2027-01,2026-12-21T00:00:00,,協力業者N社
CST-01407,PRJ-0165,材料費,31426,確定請求,2024-04,2024-05,2024-04-05T00:00:00,2024-04-09T00:00:00,資材メーカーF
CST-01408,PRJ-0107,外注費,58288,確定請求,2024-11,2024-12,2024-11-09T00:00:00,2024-11-14T00:00:00,協力業者Q社
CST-01409,PRJ-0036,労務費,22029,現場見込み,2024-03,2024-04,2024-03-31T00:00:00,,協力業者R社
CST-01410,PRJ-0010,経費,44355,確定請求,2024-12,2025-01,2024-12-12T00:00:00,2024-12-14T00:00:00,資材メーカーJ
CST-01411,PRJ-0018,外注費,16115,確定請求,2024-10,2024-11,2024-10-14T00:00:00,2024-10-17T00:00:00,資材メーカーH
CST-01412,PRJ-0113,材料費,77246,確定請求,2025-01,2025-02,2025-01-31T00:00:00,2025-02-04T00:00:00,資材メーカーG
CST-01413,PRJ-0007,外注費,92304,確定請求,2025-11,2025-12,2025-11-14T00:00:00,2025-11-15T00:00:00,協力業者S社
CST-01414,PRJ-0004,外注費,7932,確定請求,2025-01,2025-02,2025-01-20T00:00:00,2025-01-25T00:00:00,資材メーカーE
CST-01415,PRJ-0147,外注費,32051,確定請求,2024-12,2025-01,2024-12-10T00:00:00,2024-12-13T00:00:00,協力業者L社
CST-01416,PRJ-0031,外注費,2476,現場見込み,2024-06,2024-07,2024-07-01T00:00:00,,協力業者A社
CST-01417,PRJ-0142,外注費,67780,確定請求,2023-08,2023-09,2023-08-13T00:00:00,2023-08-17T00:00:00,協力業者T社
CST-01418,PRJ-0133,材料費,64917,確定請求,2025-05,2025-06,2025-05-27T00:00:00,2025-05-27T00:00:00,資材メーカーI
CST-01419,PRJ-0153,外注費,47603,確定請求,2025-02,2025-03,2025-02-16T00:00:00,2025-02-18T00:00:00,協力業者H社
CST-01420,PRJ-0137,外注費,33051,現場見込み,2024-01,2024-02,2024-01-12T00:00:00,,資材メーカーE
CST-01421,PRJ-0099,外注費,46829,確定請求,2026-05,2026-06,2026-05-14T00:00:00,2026-05-18T00:00:00,協力業者R社
CST-01422,PRJ-0200,材料費,51297,確定請求,2024-09,2024-10,2024-09-16T00:00:00,2024-09-19T00:00:00,協力業者D社
CST-01423,PRJ-0029,労務費,9103,確定請求,2024-09,2024-10,2024-09-18T00:00:00,2024-09-20T00:00:00,協力業者E社
CST-01424,PRJ-0126,労務費,60845,現場見込み,2025-10,2025-11,2025-10-25T00:00:00,,資材メーカーI
CST-01425,PRJ-0088,外注費,51915,現場見込み,2025-08,2025-09,2025-09-04T00:00:00,,協力業者H社
CST-01426,PRJ-0136,材料費,68202,確定請求,2025-12,2026-01,2025-12-25T00:00:00,2025-12-29T00:00:00,協力業者J社
CST-01427,PRJ-0139,外注費,49950,現場見込み,2025-03,2025-04,2025-03-12T00:00:00,,協力業者S社
CST-01428,PRJ-0156,経費,45245,確定請求,2025-10,2025-11,2025-11-01T00:00:00,2025-11-04T00:00:00,協力業者C社
CST-01429,PRJ-0052,経費,68384,確定請求,2024-08,2024-09,2024-09-05T00:00:00,2024-09-05T00:00:00,協力業者P社
CST-01430,PRJ-0163,労務費,81474,確定請求,2025-01,2025-02,2025-01-17T00:00:00,2025-01-20T00:00:00,協力業者B社
CST-01431,PRJ-0061,外注費,61483,口頭発注,2023-07,2023-08,2023-07-28T00:00:00,,資材メーカーE
CST-01432,PRJ-0066,外注費,8588,現場見込み,2026-06,2026-07,2026-06-14T00:00:00,,協力業者L社
CST-01433,PRJ-0063,外注費,104599,確定請求,2024-11,2024-12,2024-11-09T00:00:00,2024-11-10T00:00:00,資材メーカーJ
CST-01434,PRJ-0071,材料費,80116,現場見込み,2024-10,2024-11,2024-10-26T00:00:00,,資材メーカーA
CST-01435,PRJ-0038,経費,117642,確定請求,2023-06,2023-07,2023-06-14T00:00:00,2023-06-14T00:00:00,資材メーカーA
CST-01436,PRJ-0112,外注費,24503,現場見込み,2024-05,2024-06,2024-05-26T00:00:00,,協力業者Q社
CST-01437,PRJ-0190,外注費,45862,口頭発注,2025-01,2025-02,2025-01-12T00:00:00,,協力業者R社
CST-01438,PRJ-0185,労務費,66790,口頭発注,2025-12,2026-01,2026-01-05T00:00:00,,協力業者K社
CST-01439,PRJ-0039,外注費,99089,確定請求,2024-10,2024-11,2024-10-08T00:00:00,2024-10-08T00:00:00,協力業者H社
CST-01440,PRJ-0074,労務費,7241,確定請求,2025-03,2025-04,2025-03-12T00:00:00,2025-03-15T00:00:00,資材メーカーD
CST-01441,PRJ-0152,外注費,42602,確定請求,2027-03,2027-04,2027-04-02T00:00:00,2027-04-02T00:00:00,協力業者S社
CST-01442,PRJ-0156,労務費,37591,現場見込み,2025-02,2025-03,2025-02-11T00:00:00,,協力業者N社
CST-01443,PRJ-0030,材料費,62372,確定請求,2025-06,2025-07,2025-06-22T00:00:00,2025-06-23T00:00:00,協力業者M社
CST-01444,PRJ-0149,経費,4357,現場見込み,2024-08,2024-09,2024-08-21T00:00:00,,協力業者C社
CST-01445,PRJ-0178,外注費,79581,確定請求,2027-05,2027-06,2027-05-18T00:00:00,2027-05-22T00:00:00,資材メーカーD
CST-01446,PRJ-0051,労務費,95989,確定請求,2025-09,2025-10,2025-09-10T00:00:00,2025-09-13T00:00:00,協力業者I社
CST-01447,PRJ-0100,材料費,12370,現場見込み,2026-05,2026-06,2026-05-21T00:00:00,,協力業者N社
CST-01448,PRJ-0077,外注費,68013,確定請求,2023-12,2024-01,2024-01-03T00:00:00,2024-01-04T00:00:00,協力業者P社
CST-01449,PRJ-0019,材料費,6834,確定請求,2024-05,2024-06,2024-05-20T00:00:00,2024-05-21T00:00:00,協力業者M社
CST-01450,PRJ-0145,材料費,82625,現場見込み,2026-11,2026-12,2026-11-26T00:00:00,,協力業者T社
CST-01451,PRJ-0009,労務費,45796,口頭発注,2023-07,2023-08,2023-07-21T00:00:00,,協力業者H社
CST-01452,PRJ-0022,材料費,58231,現場見込み,2024-06,2024-07,2024-06-14T00:00:00,,資材メーカーE
CST-01453,PRJ-0049,外注費,75319,確定請求,2024-11,2024-12,2024-11-14T00:00:00,2024-11-14T00:00:00,資材メーカーB
CST-01454,PRJ-0157,外注費,45416,現場見込み,2024-09,2024-10,2024-09-18T00:00:00,,資材メーカーB
CST-01455,PRJ-0091,外注費,19823,口頭発注,2024-08,2024-09,2024-08-13T00:00:00,,協力業者L社
CST-01456,PRJ-0005,外注費,72909,口頭発注,2024-09,2024-10,2024-10-01T00:00:00,,協力業者K社
CST-01457,PRJ-0071,外注費,72714,確定請求,2024-07,2024-08,2024-07-31T00:00:00,2024-08-02T00:00:00,資材メーカーA
CST-01458,PRJ-0012,外注費,37210,確定請求,2025-01,2025-02,2025-02-05T00:00:00,2025-02-08T00:00:00,協力業者L社
CST-01459,PRJ-0019,労務費,5118,確定請求,2023-11,2023-12,2023-11-18T00:00:00,2023-11-19T00:00:00,協力業者O社
CST-01460,PRJ-0104,材料費,40953,現場見込み,2025-07,2025-08,2025-07-08T00:00:00,,資材メーカーB
CST-01461,PRJ-0160,外注費,5015,現場見込み,2025-10,2025-11,2025-10-12T00:00:00,,資材メーカーE
CST-01462,PRJ-0184,外注費,45375,確定請求,2025-03,2025-04,2025-03-10T00:00:00,2025-03-11T00:00:00,資材メーカーD
CST-01463,PRJ-0115,経費,60848,確定請求,2024-09,2024-10,2024-09-12T00:00:00,2024-09-14T00:00:00,協力業者T社
CST-01464,PRJ-0165,労務費,15867,確定請求,2024-02,2024-03,2024-02-25T00:00:00,2024-02-27T00:00:00,協力業者K社
CST-01465,PRJ-0051,労務費,81983,確定請求,2025-10,2025-11,2025-10-05T00:00:00,2025-10-07T00:00:00,協力業者P社
CST-01466,PRJ-0050,労務費,28399,確定請求,2024-02,2024-03,2024-02-20T00:00:00,2024-02-21T00:00:00,資材メーカーD
CST-01467,PRJ-0130,労務費,33580,確定請求,2024-08,2024-09,2024-08-21T00:00:00,2024-08-23T00:00:00,協力業者R社
CST-01468,PRJ-0168,材料費,62948,確定請求,2025-08,2025-09,2025-09-06T00:00:00,2025-09-11T00:00:00,協力業者P社
CST-01469,PRJ-0192,外注費,16220,確定請求,2024-02,2024-03,2024-02-02T00:00:00,2024-02-05T00:00:00,資材メーカーC
CST-01470,PRJ-0028,外注費,25659,確定請求,2026-05,2026-06,2026-06-03T00:00:00,2026-06-03T00:00:00,資材メーカーI
CST-01471,PRJ-0061,材料費,44713,確定請求,2023-10,2023-11,2023-10-26T00:00:00,2023-10-28T00:00:00,協力業者F社
CST-01472,PRJ-0177,外注費,39738,口頭発注,2024-10,2024-11,2024-11-05T00:00:00,,資材メーカーF
CST-01473,PRJ-0108,経費,44267,確定請求,2024-01,2024-02,2024-02-06T00:00:00,2024-02-11T00:00:00,協力業者B社
CST-01474,PRJ-0162,外注費,42899,確定請求,2024-11,2024-12,2024-11-29T00:00:00,2024-12-04T00:00:00,協力業者C社
CST-01475,PRJ-0069,外注費,69225,確定請求,2024-09,2024-10,2024-10-04T00:00:00,2024-10-04T00:00:00,資材メーカーB
CST-01476,PRJ-0174,外注費,52993,現場見込み,2024-01,2024-02,2024-02-06T00:00:00,,協力業者J社
CST-01477,PRJ-0184,材料費,25722,確定請求,2025-05,2025-06,2025-05-18T00:00:00,2025-05-23T00:00:00,協力業者M社
CST-01478,PRJ-0128,外注費,76225,現場見込み,2023-11,2023-12,2023-11-23T00:00:00,,資材メーカーI
CST-01479,PRJ-0133,経費,49284,口頭発注,2026-05,2026-06,2026-05-25T00:00:00,,資材メーカーH
CST-01480,PRJ-0123,外注費,69775,現場見込み,2026-10,2026-11,2026-11-01T00:00:00,,協力業者C社
CST-01481,PRJ-0028,外注費,22576,確定請求,2026-02,2026-03,2026-02-23T00:00:00,2026-02-27T00:00:00,協力業者Q社
CST-01482,PRJ-0173,外注費,15715,現場見込み,2023-10,2023-11,2023-10-14T00:00:00,,協力業者B社
CST-01483,PRJ-0085,外注費,11591,確定請求,2024-05,2024-06,2024-06-02T00:00:00,2024-06-05T00:00:00,協力業者J社
CST-01484,PRJ-0039,材料費,95476,確定請求,2024-05,2024-06,2024-05-05T00:00:00,2024-05-05T00:00:00,資材メーカーD
CST-01485,PRJ-0002,材料費,40108,確定請求,2025-05,2025-06,2025-06-02T00:00:00,2025-06-04T00:00:00,資材メーカーB
CST-01486,PRJ-0184,外注費,36124,確定請求,2025-11,2025-12,2025-12-01T00:00:00,2025-12-05T00:00:00,協力業者J社
CST-01487,PRJ-0178,材料費,74760,口頭発注,2026-07,2026-08,2026-07-19T00:00:00,,資材メーカーF
CST-01488,PRJ-0069,材料費,56967,確定請求,2025-03,2025-04,2025-04-05T00:00:00,2025-04-05T00:00:00,協力業者I社
CST-01489,PRJ-0181,外注費,27988,確定請求,2024-04,2024-05,2024-04-23T00:00:00,2024-04-25T00:00:00,協力業者H社
CST-01490,PRJ-0033,材料費,65267,現場見込み,2024-02,2024-03,2024-03-03T00:00:00,,資材メーカーB
CST-01491,PRJ-0146,外注費,50413,確定請求,2026-01,2026-02,2026-01-30T00:00:00,2026-02-03T00:00:00,資材メーカーD
CST-01492,PRJ-0054,経費,35484,口頭発注,2024-09,2024-10,2024-09-09T00:00:00,,協力業者N社
CST-01493,PRJ-0007,外注費,78593,確定請求,2026-04,2026-05,2026-05-01T00:00:00,2026-05-03T00:00:00,協力業者E社
CST-01494,PRJ-0152,外注費,32791,確定請求,2027-04,2027-05,2027-04-11T00:00:00,2027-04-15T00:00:00,協力業者K社
CST-01495,PRJ-0182,外注費,44235,確定請求,2023-06,2023-07,2023-07-02T00:00:00,2023-07-06T00:00:00,協力業者G社
CST-01496,PRJ-0159,材料費,8687,確定請求,2025-06,2025-07,2025-06-16T00:00:00,2025-06-17T00:00:00,資材メーカーB
CST-01497,PRJ-0067,材料費,76140,確定請求,2026-07,2026-08,2026-08-01T00:00:00,2026-08-02T00:00:00,資材メーカーC
CST-01498,PRJ-0077,外注費,49369,現場見込み,2024-10,2024-11,2024-10-25T00:00:00,,資材メーカーJ
CST-01499,PRJ-0010,外注費,39847,確定請求,2024-07,2024-08,2024-07-15T00:00:00,2024-07-19T00:00:00,協力業者K社
CST-01500,PRJ-0078,経費,38581,確定請求,2025-09,2025-10,2025-09-21T00:00:00,2025-09-22T00:00:00,資材メーカーD
CST-01501,PRJ-0023,外注費,91593,確定請求,2026-04,2026-05,2026-04-13T00:00:00,2026-04-18T00:00:00,資材メーカーG
CST-01502,PRJ-0191,労務費,18652,現場見込み,2026-01,2026-02,2026-01-21T00:00:00,,資材メーカーE
CST-01503,PRJ-0061,外注費,61751,口頭発注,2024-01,2024-02,2024-01-19T00:00:00,,協力業者N社
CST-01504,PRJ-0020,外注費,11713,確定請求,2025-07,2025-08,2025-07-27T00:00:00,2025-07-28T00:00:00,資材メーカーD
CST-01505,PRJ-0039,外注費,88652,現場見込み,2024-01,2024-02,2024-01-21T00:00:00,,協力業者D社
CST-01506,PRJ-0115,労務費,77673,口頭発注,2024-02,2024-03,2024-03-08T00:00:00,,協力業者A社
CST-01507,PRJ-0144,材料費,18916,確定請求,2025-07,2025-08,2025-07-16T00:00:00,2025-07-20T00:00:00,協力業者I社
CST-01508,PRJ-0053,外注費,161116,現場見込み,2025-09,2025-10,2025-09-25T00:00:00,,協力業者H社
CST-01509,PRJ-0106,材料費,8924,確定請求,2026-07,2026-08,2026-07-22T00:00:00,2026-07-24T00:00:00,協力業者H社
CST-01510,PRJ-0181,外注費,37020,確定請求,2024-01,2024-02,2024-01-16T00:00:00,2024-01-17T00:00:00,資材メーカーC
CST-01511,PRJ-0149,労務費,4748,確定請求,2024-11,2024-12,2024-11-16T00:00:00,2024-11-19T00:00:00,資材メーカーH
CST-01512,PRJ-0164,外注費,183222,現場見込み,2025-11,2025-12,2025-11-11T00:00:00,,資材メーカーA
CST-01513,PRJ-0065,材料費,38428,確定請求,2025-12,2026-01,2025-12-29T00:00:00,2026-01-01T00:00:00,資材メーカーH
CST-01514,PRJ-0164,材料費,112179,確定請求,2025-07,2025-08,2025-07-09T00:00:00,2025-07-10T00:00:00,協力業者E社
CST-01515,PRJ-0130,外注費,31153,口頭発注,2024-09,2024-10,2024-09-11T00:00:00,,協力業者B社
CST-01516,PRJ-0128,外注費,61873,確定請求,2023-08,2023-09,2023-08-28T00:00:00,2023-08-31T00:00:00,資材メーカーJ
CST-01517,PRJ-0102,材料費,75377,現場見込み,2024-08,2024-09,2024-08-28T00:00:00,,資材メーカーD
CST-01518,PRJ-0167,外注費,7008,確定請求,2025-12,2026-01,2025-12-28T00:00:00,2025-12-31T00:00:00,協力業者C社
CST-01519,PRJ-0146,材料費,134634,確定請求,2026-10,2026-11,2026-10-27T00:00:00,2026-10-30T00:00:00,協力業者P社
CST-01520,PRJ-0171,経費,50092,確定請求,2024-01,2024-02,2024-01-21T00:00:00,2024-01-21T00:00:00,協力業者N社
CST-01521,PRJ-0185,外注費,65324,現場見込み,2026-04,2026-05,2026-04-30T00:00:00,,資材メーカーD
CST-01522,PRJ-0136,外注費,37011,確定請求,2025-05,2025-06,2025-06-02T00:00:00,2025-06-06T00:00:00,協力業者T社
CST-01523,PRJ-0029,外注費,8096,確定請求,2025-03,2025-04,2025-03-20T00:00:00,2025-03-24T00:00:00,協力業者Q社
CST-01524,PRJ-0138,労務費,34558,確定請求,2023-10,2023-11,2023-10-13T00:00:00,2023-10-13T00:00:00,協力業者O社
CST-01525,PRJ-0032,外注費,58600,口頭発注,2025-06,2025-07,2025-07-06T00:00:00,,協力業者Q社
CST-01526,PRJ-0031,外注費,2915,確定請求,2024-06,2024-07,2024-06-30T00:00:00,2024-07-04T00:00:00,資材メーカーD
CST-01527,PRJ-0155,材料費,36705,確定請求,2024-09,2024-10,2024-09-03T00:00:00,2024-09-04T00:00:00,協力業者Q社
CST-01528,PRJ-0026,外注費,7402,確定請求,2026-04,2026-05,2026-04-12T00:00:00,2026-04-14T00:00:00,協力業者O社
CST-01529,PRJ-0083,外注費,47036,確定請求,2023-09,2023-10,2023-09-22T00:00:00,2023-09-25T00:00:00,協力業者O社
CST-01530,PRJ-0128,経費,46601,確定請求,2024-06,2024-07,2024-06-05T00:00:00,2024-06-10T00:00:00,協力業者T社
CST-01531,PRJ-0020,材料費,26919,確定請求,2025-10,2025-11,2025-10-09T00:00:00,2025-10-12T00:00:00,資材メーカーI
CST-01532,PRJ-0133,経費,35301,確定請求,2026-10,2026-11,2026-10-29T00:00:00,2026-11-03T00:00:00,協力業者O社
CST-01533,PRJ-0062,外注費,27101,確定請求,2026-03,2026-04,2026-03-16T00:00:00,2026-03-20T00:00:00,協力業者D社
CST-01534,PRJ-0187,材料費,22218,現場見込み,2026-08,2026-09,2026-09-06T00:00:00,,資材メーカーI
CST-01535,PRJ-0098,労務費,67835,確定請求,2025-08,2025-09,2025-09-03T00:00:00,2025-09-05T00:00:00,協力業者M社
CST-01536,PRJ-0169,材料費,38003,確定請求,2024-11,2024-12,2024-11-19T00:00:00,2024-11-22T00:00:00,協力業者A社
CST-01537,PRJ-0176,労務費,47507,口頭発注,2025-05,2025-06,2025-05-19T00:00:00,,資材メーカーI
CST-01538,PRJ-0059,外注費,7057,確定請求,2024-01,2024-02,2024-01-08T00:00:00,2024-01-10T00:00:00,協力業者C社
CST-01539,PRJ-0030,材料費,68734,確定請求,2025-05,2025-06,2025-05-05T00:00:00,2025-05-10T00:00:00,資材メーカーA
CST-01540,PRJ-0168,材料費,92988,現場見込み,2025-05,2025-06,2025-05-12T00:00:00,,協力業者C社
CST-01541,PRJ-0179,経費,57322,現場見込み,2026-02,2026-03,2026-03-03T00:00:00,,資材メーカーA
CST-01542,PRJ-0179,材料費,71275,確定請求,2025-02,2025-03,2025-02-24T00:00:00,2025-03-01T00:00:00,協力業者Q社
CST-01543,PRJ-0182,外注費,46000,確定請求,2024-06,2024-07,2024-06-11T00:00:00,2024-06-12T00:00:00,協力業者Q社
CST-01544,PRJ-0147,外注費,37243,確定請求,2025-02,2025-03,2025-02-10T00:00:00,2025-02-10T00:00:00,協力業者R社
CST-01545,PRJ-0009,経費,48648,現場見込み,2023-11,2023-12,2023-12-05T00:00:00,,協力業者F社
CST-01546,PRJ-0026,外注費,7393,確定請求,2026-01,2026-02,2026-01-25T00:00:00,2026-01-26T00:00:00,協力業者F社
CST-01547,PRJ-0152,経費,30424,確定請求,2025-09,2025-10,2025-09-18T00:00:00,2025-09-20T00:00:00,協力業者N社
CST-01548,PRJ-0063,外注費,126730,確定請求,2025-04,2025-05,2025-04-24T00:00:00,2025-04-26T00:00:00,資材メーカーE
CST-01549,PRJ-0152,外注費,28037,口頭発注,2027-04,2027-05,2027-04-27T00:00:00,,協力業者F社
CST-01550,PRJ-0162,労務費,31561,確定請求,2025-03,2025-04,2025-03-29T00:00:00,2025-04-02T00:00:00,協力業者G社
CST-01551,PRJ-0118,経費,14182,確定請求,2025-02,2025-03,2025-02-07T00:00:00,2025-02-10T00:00:00,協力業者I社
CST-01552,PRJ-0134,労務費,38435,確定請求,2024-04,2024-05,2024-04-24T00:00:00,2024-04-28T00:00:00,資材メーカーH
CST-01553,PRJ-0096,外注費,49122,確定請求,2025-08,2025-09,2025-09-03T00:00:00,2025-09-04T00:00:00,協力業者T社
CST-01554,PRJ-0084,外注費,32234,現場見込み,2025-01,2025-02,2025-01-14T00:00:00,,協力業者S社
CST-01555,PRJ-0013,外注費,35751,確定請求,2025-04,2025-05,2025-04-18T00:00:00,2025-04-18T00:00:00,協力業者N社
CST-01556,PRJ-0010,労務費,50444,確定請求,2024-04,2024-05,2024-05-06T00:00:00,2024-05-08T00:00:00,協力業者H社
CST-01557,PRJ-0016,材料費,10829,現場見込み,2026-04,2026-05,2026-04-25T00:00:00,,協力業者B社
CST-01558,PRJ-0147,外注費,31453,口頭発注,2024-10,2024-11,2024-10-14T00:00:00,,協力業者B社
CST-01559,PRJ-0032,外注費,88758,現場見込み,2024-11,2024-12,2024-11-26T00:00:00,,協力業者E社
CST-01560,PRJ-0198,材料費,50800,確定請求,2026-04,2026-05,2026-04-27T00:00:00,2026-04-29T00:00:00,協力業者S社
CST-01561,PRJ-0196,経費,8022,確定請求,2026-02,2026-03,2026-02-18T00:00:00,2026-02-18T00:00:00,資材メーカーJ
CST-01562,PRJ-0173,外注費,14764,口頭発注,2024-01,2024-02,2024-01-10T00:00:00,,協力業者N社
CST-01563,PRJ-0056,経費,109519,現場見込み,2025-12,2026-01,2025-12-24T00:00:00,,資材メーカーB
CST-01564,PRJ-0088,労務費,37130,現場見込み,2026-07,2026-08,2026-08-05T00:00:00,,資材メーカーF
CST-01565,PRJ-0118,材料費,22477,確定請求,2024-04,2024-05,2024-04-21T00:00:00,2024-04-23T00:00:00,協力業者O社
CST-01566,PRJ-0030,外注費,71157,確定請求,2024-05,2024-06,2024-06-05T00:00:00,2024-06-07T00:00:00,協力業者C社
CST-01567,PRJ-0071,労務費,71907,確定請求,2024-04,2024-05,2024-04-12T00:00:00,2024-04-12T00:00:00,資材メーカーI
CST-01568,PRJ-0126,外注費,58248,確定請求,2026-05,2026-06,2026-05-13T00:00:00,2026-05-13T00:00:00,協力業者N社
CST-01569,PRJ-0137,外注費,42077,確定請求,2024-05,2024-06,2024-05-27T00:00:00,2024-05-27T00:00:00,協力業者P社
CST-01570,PRJ-0039,労務費,95192,現場見込み,2024-10,2024-11,2024-10-08T00:00:00,,資材メーカーH
CST-01571,PRJ-0004,外注費,6434,口頭発注,2024-12,2025-01,2024-12-25T00:00:00,,協力業者Q社
CST-01572,PRJ-0050,外注費,43209,口頭発注,2024-07,2024-08,2024-07-25T00:00:00,,協力業者G社
CST-01573,PRJ-0061,労務費,69224,確定請求,2023-07,2023-08,2023-07-26T00:00:00,2023-07-31T00:00:00,協力業者D社
CST-01574,PRJ-0029,外注費,8589,現場見込み,2025-06,2025-07,2025-06-24T00:00:00,,協力業者Q社
CST-01575,PRJ-0058,労務費,60552,確定請求,2025-12,2026-01,2025-12-31T00:00:00,2026-01-05T00:00:00,資材メーカーD
CST-01576,PRJ-0187,外注費,21377,確定請求,2025-09,2025-10,2025-10-09T00:00:00,2025-10-11T00:00:00,協力業者N社
CST-01577,PRJ-0020,外注費,15722,確定請求,2025-01,2025-02,2025-01-25T00:00:00,2025-01-29T00:00:00,協力業者Q社
CST-01578,PRJ-0105,外注費,25271,確定請求,2024-05,2024-06,2024-06-02T00:00:00,2024-06-06T00:00:00,資材メーカーJ
CST-01579,PRJ-0004,材料費,6871,確定請求,2025-04,2025-05,2025-04-26T00:00:00,2025-05-01T00:00:00,協力業者P社
CST-01580,PRJ-0012,外注費,46958,確定請求,2025-05,2025-06,2025-06-01T00:00:00,2025-06-02T00:00:00,協力業者P社
CST-01581,PRJ-0088,経費,38158,現場見込み,2025-08,2025-09,2025-08-18T00:00:00,,資材メーカーC
CST-01582,PRJ-0071,材料費,37866,確定請求,2024-01,2024-02,2024-01-09T00:00:00,2024-01-09T00:00:00,協力業者A社
CST-01583,PRJ-0143,労務費,29549,確定請求,2024-11,2024-12,2024-11-26T00:00:00,2024-12-01T00:00:00,資材メーカーA
CST-01584,PRJ-0151,外注費,115980,確定請求,2025-02,2025-03,2025-03-03T00:00:00,2025-03-06T00:00:00,協力業者G社
CST-01585,PRJ-0051,材料費,67667,口頭発注,2025-09,2025-10,2025-09-21T00:00:00,,協力業者B社
CST-01586,PRJ-0192,経費,15703,確定請求,2024-03,2024-04,2024-03-29T00:00:00,2024-03-29T00:00:00,協力業者R社
CST-01587,PRJ-0196,外注費,11334,確定請求,2026-05,2026-06,2026-05-11T00:00:00,2026-05-13T00:00:00,協力業者G社
CST-01588,PRJ-0161,材料費,59592,確定請求,2026-12,2027-01,2026-12-26T00:00:00,2026-12-28T00:00:00,協力業者C社
CST-01589,PRJ-0067,労務費,46618,確定請求,2027-02,2027-03,2027-02-16T00:00:00,2027-02-16T00:00:00,協力業者R社
CST-01590,PRJ-0053,材料費,82059,現場見込み,2024-04,2024-05,2024-04-28T00:00:00,,資材メーカーB
CST-01591,PRJ-0094,労務費,2564,確定請求,2024-05,2024-06,2024-05-27T00:00:00,2024-05-31T00:00:00,協力業者M社
CST-01592,PRJ-0104,材料費,42741,確定請求,2025-05,2025-06,2025-05-22T00:00:00,2025-05-23T00:00:00,資材メーカーG
CST-01593,PRJ-0198,外注費,74512,現場見込み,2025-05,2025-06,2025-05-13T00:00:00,,資材メーカーG
CST-01594,PRJ-0149,外注費,5401,現場見込み,2025-06,2025-07,2025-06-17T00:00:00,,資材メーカーB
CST-01595,PRJ-0152,外注費,33417,確定請求,2026-11,2026-12,2026-11-21T00:00:00,2026-11-26T00:00:00,資材メーカーF
CST-01596,PRJ-0115,外注費,65761,現場見込み,2024-02,2024-03,2024-02-17T00:00:00,,協力業者P社
CST-01597,PRJ-0097,外注費,25792,口頭発注,2025-05,2025-06,2025-05-16T00:00:00,,協力業者O社
CST-01598,PRJ-0015,材料費,45399,口頭発注,2024-06,2024-07,2024-06-27T00:00:00,,協力業者K社
CST-01599,PRJ-0013,労務費,31179,確定請求,2025-02,2025-03,2025-03-01T00:00:00,2025-03-05T00:00:00,資材メーカーJ
CST-01600,PRJ-0067,外注費,52674,確定請求,2026-07,2026-08,2026-07-19T00:00:00,2026-07-23T00:00:00,協力業者S社
CST-01601,PRJ-0005,外注費,55405,確定請求,2025-09,2025-10,2025-09-17T00:00:00,2025-09-21T00:00:00,協力業者A社
CST-01602,PRJ-0177,外注費,33503,確定請求,2025-07,2025-08,2025-07-07T00:00:00,2025-07-07T00:00:00,協力業者K社
CST-01603,PRJ-0021,外注費,27311,確定請求,2025-05,2025-06,2025-05-15T00:00:00,2025-05-17T00:00:00,協力業者I社
CST-01604,PRJ-0153,材料費,56023,確定請求,2025-03,2025-04,2025-04-01T00:00:00,2025-04-02T00:00:00,資材メーカーA
CST-01605,PRJ-0163,外注費,96857,現場見込み,2025-04,2025-05,2025-04-18T00:00:00,,協力業者F社
CST-01606,PRJ-0182,外注費,85850,確定請求,2023-06,2023-07,2023-06-26T00:00:00,2023-07-01T00:00:00,資材メーカーH
CST-01607,PRJ-0193,外注費,47948,口頭発注,2025-03,2025-04,2025-03-14T00:00:00,,資材メーカーC
CST-01608,PRJ-0152,外注費,65216,確定請求,2026-04,2026-05,2026-04-29T00:00:00,2026-05-02T00:00:00,協力業者N社
CST-01609,PRJ-0081,外注費,117093,現場見込み,2025-06,2025-07,2025-06-12T00:00:00,,協力業者L社
CST-01610,PRJ-0100,経費,7769,確定請求,2026-02,2026-03,2026-02-14T00:00:00,2026-02-16T00:00:00,協力業者G社
CST-01611,PRJ-0042,労務費,41896,確定請求,2025-12,2026-01,2025-12-24T00:00:00,2025-12-24T00:00:00,協力業者D社
CST-01612,PRJ-0044,外注費,4003,確定請求,2024-06,2024-07,2024-06-26T00:00:00,2024-06-29T00:00:00,資材メーカーJ
CST-01613,PRJ-0164,材料費,150557,確定請求,2025-07,2025-08,2025-07-31T00:00:00,2025-08-04T00:00:00,協力業者A社
CST-01614,PRJ-0169,外注費,44295,確定請求,2024-09,2024-10,2024-09-07T00:00:00,2024-09-10T00:00:00,協力業者G社
CST-01615,PRJ-0090,外注費,25077,確定請求,2025-01,2025-02,2025-01-25T00:00:00,2025-01-27T00:00:00,資材メーカーH
CST-01616,PRJ-0023,材料費,97655,現場見込み,2026-04,2026-05,2026-04-22T00:00:00,,協力業者E社
CST-01617,PRJ-0038,経費,86634,確定請求,2024-02,2024-03,2024-02-24T00:00:00,2024-02-25T00:00:00,資材メーカーB
CST-01618,PRJ-0181,外注費,38130,確定請求,2023-12,2024-01,2023-12-24T00:00:00,2023-12-29T00:00:00,協力業者O社
CST-01619,PRJ-0065,外注費,51885,確定請求,2026-06,2026-07,2026-06-14T00:00:00,2026-06-16T00:00:00,協力業者D社
CST-01620,PRJ-0199,外注費,44704,確定請求,2025-02,2025-03,2025-02-14T00:00:00,2025-02-14T00:00:00,資材メーカーB
CST-01621,PRJ-0175,経費,68983,口頭発注,2025-03,2025-04,2025-03-15T00:00:00,,協力業者O社
CST-01622,PRJ-0192,労務費,13172,確定請求,2024-01,2024-02,2024-01-27T00:00:00,2024-01-27T00:00:00,協力業者Q社
CST-01623,PRJ-0076,労務費,51060,現場見込み,2025-09,2025-10,2025-09-29T00:00:00,,資材メーカーE
CST-01624,PRJ-0200,外注費,39709,確定請求,2025-05,2025-06,2025-05-25T00:00:00,2025-05-27T00:00:00,資材メーカーI
CST-01625,PRJ-0125,外注費,62684,口頭発注,2023-11,2023-12,2023-11-16T00:00:00,,協力業者G社
CST-01626,PRJ-0181,材料費,27040,確定請求,2024-04,2024-05,2024-04-24T00:00:00,2024-04-27T00:00:00,協力業者R社
CST-01627,PRJ-0085,材料費,15912,確定請求,2024-08,2024-09,2024-08-12T00:00:00,2024-08-13T00:00:00,協力業者D社
CST-01628,PRJ-0050,外注費,42081,口頭発注,2024-01,2024-02,2024-01-17T00:00:00,,協力業者I社
CST-01629,PRJ-0051,労務費,55714,確定請求,2025-02,2025-03,2025-03-04T00:00:00,2025-03-08T00:00:00,協力業者T社
CST-01630,PRJ-0167,外注費,9050,確定請求,2025-11,2025-12,2025-11-12T00:00:00,2025-11-14T00:00:00,協力業者G社
CST-01631,PRJ-0089,外注費,67223,確定請求,2025-07,2025-08,2025-07-11T00:00:00,2025-07-12T00:00:00,協力業者K社
CST-01632,PRJ-0078,労務費,42632,口頭発注,2025-05,2025-06,2025-05-19T00:00:00,,協力業者S社
CST-01633,PRJ-0149,経費,4027,確定請求,2024-05,2024-06,2024-05-25T00:00:00,2024-05-29T00:00:00,協力業者C社
CST-01634,PRJ-0146,外注費,89951,現場見込み,2026-06,2026-07,2026-06-09T00:00:00,,協力業者R社
CST-01635,PRJ-0122,外注費,64771,確定請求,2025-03,2025-04,2025-03-06T00:00:00,2025-03-09T00:00:00,協力業者E社
CST-01636,PRJ-0118,材料費,19019,現場見込み,2025-04,2025-05,2025-04-19T00:00:00,,資材メーカーB
CST-01637,PRJ-0160,外注費,4583,確定請求,2025-08,2025-09,2025-08-21T00:00:00,2025-08-21T00:00:00,協力業者M社
CST-01638,PRJ-0084,材料費,31837,確定請求,2025-08,2025-09,2025-08-11T00:00:00,2025-08-16T00:00:00,協力業者M社
CST-01639,PRJ-0156,労務費,39989,口頭発注,2025-08,2025-09,2025-08-27T00:00:00,,資材メーカーI
CST-01640,PRJ-0044,外注費,5065,確定請求,2024-10,2024-11,2024-10-20T00:00:00,2024-10-24T00:00:00,資材メーカーG
CST-01641,PRJ-0051,労務費,79820,現場見込み,2025-08,2025-09,2025-08-23T00:00:00,,協力業者J社
CST-01642,PRJ-0018,材料費,16138,確定請求,2024-05,2024-06,2024-06-09T00:00:00,2024-06-09T00:00:00,資材メーカーC
CST-01643,PRJ-0031,材料費,2272,確定請求,2024-08,2024-09,2024-08-07T00:00:00,2024-08-07T00:00:00,協力業者S社
CST-01644,PRJ-0142,労務費,133676,口頭発注,2023-12,2024-01,2024-01-03T00:00:00,,資材メーカーF
CST-01645,PRJ-0082,経費,15896,口頭発注,2025-08,2025-09,2025-08-15T00:00:00,,協力業者O社
CST-01646,PRJ-0016,経費,14484,確定請求,2027-01,2027-02,2027-01-15T00:00:00,2027-01-16T00:00:00,協力業者P社
CST-01647,PRJ-0164,材料費,144836,口頭発注,2025-01,2025-02,2025-01-28T00:00:00,,資材メーカーH
CST-01648,PRJ-0168,外注費,71189,現場見込み,2025-06,2025-07,2025-06-20T00:00:00,,資材メーカーJ
CST-01649,PRJ-0163,外注費,78638,確定請求,2025-04,2025-05,2025-04-17T00:00:00,2025-04-19T00:00:00,協力業者F社
CST-01650,PRJ-0174,経費,59552,口頭発注,2024-05,2024-06,2024-05-22T00:00:00,,協力業者P社
CST-01651,PRJ-0112,労務費,28490,確定請求,2023-09,2023-10,2023-09-24T00:00:00,2023-09-26T00:00:00,協力業者P社
CST-01652,PRJ-0051,労務費,88614,確定請求,2025-10,2025-11,2025-10-22T00:00:00,2025-10-24T00:00:00,協力業者O社
CST-01653,PRJ-0062,外注費,28758,現場見込み,2025-10,2025-11,2025-10-18T00:00:00,,協力業者T社
CST-01654,PRJ-0100,労務費,7555,口頭発注,2025-11,2025-12,2025-11-10T00:00:00,,協力業者Q社
CST-01655,PRJ-0162,材料費,25639,現場見込み,2026-01,2026-02,2026-01-05T00:00:00,,資材メーカーG
CST-01656,PRJ-0019,労務費,4342,現場見込み,2024-02,2024-03,2024-02-19T00:00:00,,協力業者R社
CST-01657,PRJ-0086,外注費,79888,現場見込み,2024-02,2024-03,2024-03-08T00:00:00,,協力業者R社
CST-01658,PRJ-0117,労務費,68058,確定請求,2024-04,2024-05,2024-05-03T00:00:00,2024-05-04T00:00:00,協力業者S社
CST-01659,PRJ-0039,外注費,59021,確定請求,2024-08,2024-09,2024-09-04T00:00:00,2024-09-05T00:00:00,協力業者H社
CST-01660,PRJ-0168,外注費,84888,確定請求,2025-08,2025-09,2025-08-12T00:00:00,2025-08-14T00:00:00,協力業者M社
CST-01661,PRJ-0144,外注費,16742,確定請求,2024-12,2025-01,2024-12-19T00:00:00,2024-12-22T00:00:00,資材メーカーG
CST-01662,PRJ-0027,労務費,89261,確定請求,2026-04,2026-05,2026-05-02T00:00:00,2026-05-06T00:00:00,協力業者S社
CST-01663,PRJ-0179,外注費,58247,現場見込み,2025-07,2025-08,2025-07-23T00:00:00,,協力業者F社
CST-01664,PRJ-0039,外注費,82763,確定請求,2024-10,2024-11,2024-11-05T00:00:00,2024-11-08T00:00:00,資材メーカーJ
CST-01665,PRJ-0061,経費,93737,確定請求,2023-08,2023-09,2023-08-24T00:00:00,2023-08-27T00:00:00,協力業者S社
CST-01666,PRJ-0179,労務費,78460,口頭発注,2025-10,2025-11,2025-10-23T00:00:00,,協力業者R社
CST-01667,PRJ-0109,外注費,2628,確定請求,2025-06,2025-07,2025-06-28T00:00:00,2025-06-30T00:00:00,協力業者O社
CST-01668,PRJ-0174,外注費,88825,確定請求,2024-05,2024-06,2024-05-18T00:00:00,2024-05-18T00:00:00,協力業者C社
CST-01669,PRJ-0039,外注費,117738,口頭発注,2024-09,2024-10,2024-10-08T00:00:00,,資材メーカーG
CST-01670,PRJ-0177,外注費,32465,確定請求,2025-08,2025-09,2025-08-21T00:00:00,2025-08-23T00:00:00,資材メーカーG
CST-01671,PRJ-0162,外注費,38912,確定請求,2026-04,2026-05,2026-04-05T00:00:00,2026-04-05T00:00:00,資材メーカーA
CST-01672,PRJ-0121,外注費,67514,口頭発注,2024-03,2024-04,2024-03-25T00:00:00,,資材メーカーG
CST-01673,PRJ-0126,外注費,39386,確定請求,2026-02,2026-03,2026-02-03T00:00:00,2026-02-04T00:00:00,資材メーカーI
CST-01674,PRJ-0098,外注費,75635,現場見込み,2025-09,2025-10,2025-09-19T00:00:00,,協力業者O社
CST-01675,PRJ-0152,労務費,51402,確定請求,2026-05,2026-06,2026-05-27T00:00:00,2026-05-31T00:00:00,協力業者M社
CST-01676,PRJ-0148,外注費,40226,確定請求,2027-03,2027-04,2027-03-24T00:00:00,2027-03-29T00:00:00,協力業者G社
CST-01677,PRJ-0112,外注費,22188,確定請求,2024-06,2024-07,2024-06-16T00:00:00,2024-06-21T00:00:00,協力業者J社
CST-01678,PRJ-0128,外注費,44981,確定請求,2024-06,2024-07,2024-06-21T00:00:00,2024-06-26T00:00:00,資材メーカーJ
CST-01679,PRJ-0192,外注費,15303,確定請求,2024-03,2024-04,2024-04-03T00:00:00,2024-04-03T00:00:00,協力業者C社
CST-01680,PRJ-0065,外注費,70148,確定請求,2026-07,2026-08,2026-08-05T00:00:00,2026-08-06T00:00:00,協力業者Q社
CST-01681,PRJ-0153,外注費,37559,確定請求,2025-02,2025-03,2025-02-15T00:00:00,2025-02-19T00:00:00,協力業者B社
CST-01682,PRJ-0004,労務費,9721,確定請求,2024-07,2024-08,2024-08-08T00:00:00,2024-08-10T00:00:00,協力業者A社
CST-01683,PRJ-0058,材料費,41763,現場見込み,2024-12,2025-01,2024-12-08T00:00:00,,資材メーカーH
CST-01684,PRJ-0198,材料費,56573,現場見込み,2024-07,2024-08,2024-07-11T00:00:00,,協力業者H社
CST-01685,PRJ-0042,外注費,28518,確定請求,2026-05,2026-06,2026-05-09T00:00:00,2026-05-14T00:00:00,協力業者S社
CST-01686,PRJ-0189,外注費,15079,確定請求,2026-04,2026-05,2026-04-09T00:00:00,2026-04-12T00:00:00,資材メーカーC
CST-01687,PRJ-0138,材料費,29507,確定請求,2024-07,2024-08,2024-07-19T00:00:00,2024-07-20T00:00:00,協力業者N社
CST-01688,PRJ-0166,外注費,11904,口頭発注,2026-06,2026-07,2026-06-11T00:00:00,,協力業者P社
CST-01689,PRJ-0176,労務費,33717,確定請求,2025-02,2025-03,2025-02-08T00:00:00,2025-02-10T00:00:00,協力業者R社
CST-01690,PRJ-0183,外注費,106184,確定請求,2026-10,2026-11,2026-10-06T00:00:00,2026-10-11T00:00:00,協力業者E社
CST-01691,PRJ-0101,労務費,33191,確定請求,2024-07,2024-08,2024-07-08T00:00:00,2024-07-08T00:00:00,協力業者E社
CST-01692,PRJ-0096,材料費,59232,口頭発注,2025-09,2025-10,2025-09-14T00:00:00,,協力業者E社
CST-01693,PRJ-0094,外注費,4323,確定請求,2024-08,2024-09,2024-08-25T00:00:00,2024-08-26T00:00:00,協力業者E社
CST-01694,PRJ-0173,外注費,15712,確定請求,2024-11,2024-12,2024-11-24T00:00:00,2024-11-29T00:00:00,資材メーカーH
CST-01695,PRJ-0191,労務費,13143,確定請求,2027-02,2027-03,2027-02-27T00:00:00,2027-03-02T00:00:00,協力業者T社
CST-01696,PRJ-0003,労務費,11956,確定請求,2025-05,2025-06,2025-05-26T00:00:00,2025-05-29T00:00:00,協力業者N社
CST-01697,PRJ-0089,労務費,58681,確定請求,2025-01,2025-02,2025-01-22T00:00:00,2025-01-23T00:00:00,協力業者L社
CST-01698,PRJ-0009,材料費,41245,確定請求,2023-09,2023-10,2023-09-03T00:00:00,2023-09-07T00:00:00,協力業者T社
CST-01699,PRJ-0150,外注費,5224,確定請求,2025-06,2025-07,2025-06-18T00:00:00,2025-06-23T00:00:00,資材メーカーH
CST-01700,PRJ-0079,労務費,98792,確定請求,2024-10,2024-11,2024-10-08T00:00:00,2024-10-12T00:00:00,協力業者I社
CST-01701,PRJ-0149,経費,6049,確定請求,2024-12,2025-01,2024-12-15T00:00:00,2024-12-15T00:00:00,協力業者L社
CST-01702,PRJ-0137,労務費,41861,確定請求,2024-10,2024-11,2024-10-18T00:00:00,2024-10-18T00:00:00,協力業者P社
CST-01703,PRJ-0200,労務費,51340,現場見込み,2025-04,2025-05,2025-04-23T00:00:00,,協力業者P社
CST-01704,PRJ-0191,外注費,17648,口頭発注,2026-05,2026-06,2026-05-19T00:00:00,,資材メーカーD
CST-01705,PRJ-0094,外注費,1465,現場見込み,2024-03,2024-04,2024-03-24T00:00:00,,協力業者O社
CST-01706,PRJ-0113,外注費,91801,確定請求,2024-07,2024-08,2024-08-08T00:00:00,2024-08-08T00:00:00,協力業者Q社
CST-01707,PRJ-0105,材料費,42147,確定請求,2024-04,2024-05,2024-04-06T00:00:00,2024-04-11T00:00:00,協力業者P社
CST-01708,PRJ-0178,外注費,65453,現場見込み,2027-04,2027-05,2027-04-24T00:00:00,,資材メーカーF
CST-01709,PRJ-0014,材料費,34250,現場見込み,2025-12,2026-01,2025-12-27T00:00:00,,協力業者T社
CST-01710,PRJ-0135,外注費,5621,確定請求,2025-04,2025-05,2025-04-11T00:00:00,2025-04-14T00:00:00,協力業者R社
CST-01711,PRJ-0044,労務費,3464,確定請求,2024-08,2024-09,2024-09-05T00:00:00,2024-09-09T00:00:00,協力業者Q社
CST-01712,PRJ-0093,材料費,10082,確定請求,2023-11,2023-12,2023-11-27T00:00:00,2023-11-29T00:00:00,協力業者N社
CST-01713,PRJ-0145,経費,56432,確定請求,2026-02,2026-03,2026-02-13T00:00:00,2026-02-18T00:00:00,協力業者F社
CST-01714,PRJ-0068,外注費,54376,確定請求,2025-01,2025-02,2025-02-08T00:00:00,2025-02-10T00:00:00,資材メーカーD
CST-01715,PRJ-0113,外注費,80105,確定請求,2024-07,2024-08,2024-07-28T00:00:00,2024-08-01T00:00:00,資材メーカーA
CST-01716,PRJ-0077,外注費,46986,確定請求,2024-01,2024-02,2024-01-30T00:00:00,2024-02-04T00:00:00,協力業者S社
CST-01717,PRJ-0167,外注費,5103,確定請求,2026-02,2026-03,2026-02-18T00:00:00,2026-02-18T00:00:00,資材メーカーF
CST-01718,PRJ-0115,経費,93358,現場見込み,2024-03,2024-04,2024-03-26T00:00:00,,協力業者P社
CST-01719,PRJ-0063,外注費,107736,確定請求,2024-06,2024-07,2024-06-13T00:00:00,2024-06-15T00:00:00,協力業者Q社
CST-01720,PRJ-0054,外注費,46202,口頭発注,2024-10,2024-11,2024-10-11T00:00:00,,協力業者E社
CST-01721,PRJ-0169,外注費,53844,確定請求,2024-10,2024-11,2024-10-08T00:00:00,2024-10-08T00:00:00,協力業者I社
CST-01722,PRJ-0057,労務費,4178,口頭発注,2025-05,2025-06,2025-06-03T00:00:00,,協力業者T社
CST-01723,PRJ-0132,外注費,11919,現場見込み,2025-10,2025-11,2025-10-13T00:00:00,,資材メーカーB
CST-01724,PRJ-0160,材料費,2750,口頭発注,2026-05,2026-06,2026-05-20T00:00:00,,資材メーカーF
CST-01725,PRJ-0165,材料費,27821,確定請求,2024-04,2024-05,2024-04-30T00:00:00,2024-05-03T00:00:00,資材メーカーF
CST-01726,PRJ-0164,材料費,113643,確定請求,2025-02,2025-03,2025-02-15T00:00:00,2025-02-15T00:00:00,資材メーカーF
CST-01727,PRJ-0028,外注費,19918,口頭発注,2026-03,2026-04,2026-03-27T00:00:00,,協力業者C社
CST-01728,PRJ-0092,外注費,61699,確定請求,2023-11,2023-12,2023-11-27T00:00:00,2023-11-30T00:00:00,資材メーカーG
CST-01729,PRJ-0132,経費,11386,確定請求,2026-02,2026-03,2026-02-09T00:00:00,2026-02-14T00:00:00,協力業者H社
CST-01730,PRJ-0150,材料費,6344,確定請求,2024-07,2024-08,2024-07-20T00:00:00,2024-07-25T00:00:00,協力業者G社
CST-01731,PRJ-0043,経費,5359,確定請求,2024-10,2024-11,2024-10-28T00:00:00,2024-10-28T00:00:00,協力業者B社
CST-01732,PRJ-0063,外注費,82351,確定請求,2024-05,2024-06,2024-05-12T00:00:00,2024-05-15T00:00:00,協力業者F社
CST-01733,PRJ-0019,外注費,4334,口頭発注,2024-05,2024-06,2024-05-12T00:00:00,,協力業者J社
CST-01734,PRJ-0188,経費,84452,確定請求,2027-03,2027-04,2027-03-20T00:00:00,2027-03-25T00:00:00,協力業者H社
CST-01735,PRJ-0087,材料費,33009,口頭発注,2025-01,2025-02,2025-01-31T00:00:00,,協力業者P社
CST-01736,PRJ-0135,材料費,9102,確定請求,2024-09,2024-10,2024-09-26T00:00:00,2024-09-26T00:00:00,協力業者Q社
CST-01737,PRJ-0061,材料費,102499,確定請求,2023-11,2023-12,2023-11-19T00:00:00,2023-11-22T00:00:00,資材メーカーJ
CST-01738,PRJ-0157,外注費,21901,確定請求,2024-12,2025-01,2024-12-25T00:00:00,2024-12-25T00:00:00,協力業者Q社
CST-01739,PRJ-0163,外注費,111027,現場見込み,2025-03,2025-04,2025-03-10T00:00:00,,資材メーカーH
CST-01740,PRJ-0183,外注費,78925,確定請求,2027-04,2027-05,2027-04-22T00:00:00,2027-04-24T00:00:00,資材メーカーJ
CST-01741,PRJ-0184,労務費,33786,確定請求,2025-05,2025-06,2025-05-31T00:00:00,2025-06-02T00:00:00,協力業者I社
CST-01742,PRJ-0144,外注費,14599,現場見込み,2025-07,2025-08,2025-08-02T00:00:00,,協力業者S社
CST-01743,PRJ-0145,外注費,74798,確定請求,2026-08,2026-09,2026-08-11T00:00:00,2026-08-16T00:00:00,資材メーカーE
CST-01744,PRJ-0086,材料費,125650,確定請求,2024-09,2024-10,2024-09-10T00:00:00,2024-09-14T00:00:00,協力業者S社
CST-01745,PRJ-0126,外注費,59593,確定請求,2025-09,2025-10,2025-10-03T00:00:00,2025-10-05T00:00:00,資材メーカーB
CST-01746,PRJ-0029,外注費,12873,確定請求,2025-03,2025-04,2025-03-31T00:00:00,2025-03-31T00:00:00,協力業者A社
CST-01747,PRJ-0070,外注費,22291,確定請求,2024-03,2024-04,2024-04-02T00:00:00,2024-04-06T00:00:00,協力業者N社
CST-01748,PRJ-0099,労務費,38242,確定請求,2025-03,2025-04,2025-03-21T00:00:00,2025-03-23T00:00:00,資材メーカーB
CST-01749,PRJ-0115,材料費,85724,確定請求,2024-03,2024-04,2024-03-12T00:00:00,2024-03-14T00:00:00,資材メーカーD
CST-01750,PRJ-0180,外注費,15753,確定請求,2026-02,2026-03,2026-02-27T00:00:00,2026-03-03T00:00:00,協力業者B社
CST-01751,PRJ-0029,外注費,11245,確定請求,2023-12,2024-01,2023-12-30T00:00:00,2024-01-04T00:00:00,協力業者B社
CST-01752,PRJ-0173,外注費,24428,確定請求,2024-04,2024-05,2024-04-29T00:00:00,2024-05-04T00:00:00,協力業者T社
CST-01753,PRJ-0171,外注費,53890,確定請求,2023-09,2023-10,2023-09-16T00:00:00,2023-09-17T00:00:00,協力業者C社
CST-01754,PRJ-0175,外注費,99463,確定請求,2025-04,2025-05,2025-04-15T00:00:00,2025-04-16T00:00:00,資材メーカーB
CST-01755,PRJ-0103,材料費,68946,現場見込み,2023-08,2023-09,2023-08-14T00:00:00,,資材メーカーC
CST-01756,PRJ-0066,外注費,4948,確定請求,2026-03,2026-04,2026-03-24T00:00:00,2026-03-29T00:00:00,協力業者J社
CST-01757,PRJ-0135,労務費,5858,確定請求,2024-07,2024-08,2024-07-18T00:00:00,2024-07-20T00:00:00,資材メーカーA
CST-01758,PRJ-0147,経費,35711,確定請求,2025-02,2025-03,2025-03-06T00:00:00,2025-03-08T00:00:00,資材メーカーC
CST-01759,PRJ-0010,外注費,45141,口頭発注,2024-07,2024-08,2024-07-17T00:00:00,,資材メーカーE
CST-01760,PRJ-0182,経費,53464,確定請求,2023-09,2023-10,2023-09-12T00:00:00,2023-09-15T00:00:00,資材メーカーE
CST-01761,PRJ-0050,外注費,28706,確定請求,2024-05,2024-06,2024-05-13T00:00:00,2024-05-15T00:00:00,協力業者K社
CST-01762,PRJ-0138,労務費,27201,口頭発注,2024-03,2024-04,2024-03-21T00:00:00,,協力業者F社
CST-01763,PRJ-0189,材料費,10874,口頭発注,2025-11,2025-12,2025-11-30T00:00:00,,協力業者P社
CST-01764,PRJ-0040,労務費,10208,現場見込み,2024-11,2024-12,2024-11-21T00:00:00,,協力業者M社
CST-01765,PRJ-0064,外注費,24556,確定請求,2024-12,2025-01,2024-12-07T00:00:00,2024-12-11T00:00:00,協力業者D社
CST-01766,PRJ-0126,材料費,53236,確定請求,2026-05,2026-06,2026-05-13T00:00:00,2026-05-17T00:00:00,協力業者N社
CST-01767,PRJ-0055,経費,24438,確定請求,2025-01,2025-02,2025-02-03T00:00:00,2025-02-08T00:00:00,協力業者D社
CST-01768,PRJ-0139,外注費,61743,確定請求,2024-10,2024-11,2024-10-16T00:00:00,2024-10-16T00:00:00,協力業者D社
CST-01769,PRJ-0031,労務費,1795,確定請求,2024-01,2024-02,2024-01-20T00:00:00,2024-01-23T00:00:00,協力業者S社
CST-01770,PRJ-0038,材料費,161510,確定請求,2023-06,2023-07,2023-06-19T00:00:00,2023-06-20T00:00:00,資材メーカーI
CST-01771,PRJ-0019,外注費,5588,確定請求,2023-09,2023-10,2023-09-05T00:00:00,2023-09-10T00:00:00,資材メーカーJ
CST-01772,PRJ-0032,外注費,55292,口頭発注,2025-11,2025-12,2025-11-25T00:00:00,,協力業者I社
CST-01773,PRJ-0072,材料費,61635,確定請求,2026-03,2026-04,2026-03-26T00:00:00,2026-03-30T00:00:00,資材メーカーI
CST-01774,PRJ-0198,外注費,93050,確定請求,2024-06,2024-07,2024-06-14T00:00:00,2024-06-17T00:00:00,協力業者Q社
CST-01775,PRJ-0004,経費,7238,確定請求,2025-02,2025-03,2025-02-13T00:00:00,2025-02-17T00:00:00,協力業者M社
CST-01776,PRJ-0064,経費,34632,口頭発注,2024-07,2024-08,2024-07-28T00:00:00,,協力業者A社
CST-01777,PRJ-0004,材料費,7066,確定請求,2025-06,2025-07,2025-06-28T00:00:00,2025-06-28T00:00:00,資材メーカーG
CST-01778,PRJ-0123,材料費,61219,確定請求,2026-11,2026-12,2026-11-08T00:00:00,2026-11-10T00:00:00,資材メーカーJ
CST-01779,PRJ-0100,外注費,5024,確定請求,2026-02,2026-03,2026-02-07T00:00:00,2026-02-12T00:00:00,協力業者M社
CST-01780,PRJ-0051,材料費,63671,現場見込み,2025-04,2025-05,2025-04-12T00:00:00,,協力業者L社
CST-01781,PRJ-0068,材料費,66946,現場見込み,2025-03,2025-04,2025-03-15T00:00:00,,協力業者C社
CST-01782,PRJ-0042,材料費,39551,確定請求,2026-05,2026-06,2026-05-22T00:00:00,2026-05-27T00:00:00,資材メーカーE
CST-01783,PRJ-0056,外注費,74682,確定請求,2026-01,2026-02,2026-01-18T00:00:00,2026-01-18T00:00:00,協力業者F社
CST-01784,PRJ-0132,労務費,10678,確定請求,2026-02,2026-03,2026-02-05T00:00:00,2026-02-07T00:00:00,資材メーカーB
CST-01785,PRJ-0125,労務費,63623,確定請求,2024-07,2024-08,2024-07-24T00:00:00,2024-07-29T00:00:00,協力業者M社
CST-01786,PRJ-0115,外注費,108902,確定請求,2024-07,2024-08,2024-07-13T00:00:00,2024-07-13T00:00:00,協力業者L社
CST-01787,PRJ-0113,経費,65703,確定請求,2025-01,2025-02,2025-02-02T00:00:00,2025-02-03T00:00:00,資材メーカーD
CST-01788,PRJ-0047,経費,25096,確定請求,2023-05,2023-06,2023-06-01T00:00:00,2023-06-06T00:00:00,協力業者G社
CST-01789,PRJ-0152,外注費,49718,現場見込み,2027-03,2027-04,2027-03-30T00:00:00,,協力業者H社
CST-01790,PRJ-0054,外注費,32830,確定請求,2025-02,2025-03,2025-02-27T00:00:00,2025-03-04T00:00:00,協力業者C社
CST-01791,PRJ-0161,外注費,52780,口頭発注,2026-04,2026-05,2026-04-27T00:00:00,,協力業者P社
CST-01792,PRJ-0066,外注費,5368,現場見込み,2026-10,2026-11,2026-10-04T00:00:00,,協力業者A社
CST-01793,PRJ-0102,労務費,111553,現場見込み,2024-12,2025-01,2024-12-28T00:00:00,,協力業者B社
CST-01794,PRJ-0129,材料費,43573,確定請求,2025-02,2025-03,2025-02-05T00:00:00,2025-02-06T00:00:00,協力業者M社
CST-01795,PRJ-0003,経費,16345,確定請求,2025-07,2025-08,2025-08-08T00:00:00,2025-08-11T00:00:00,資材メーカーB
CST-01796,PRJ-0025,材料費,4482,現場見込み,2027-10,2027-11,2027-11-05T00:00:00,,資材メーカーH
CST-01797,PRJ-0117,材料費,83245,確定請求,2023-12,2024-01,2023-12-29T00:00:00,2023-12-30T00:00:00,資材メーカーD
CST-01798,PRJ-0001,労務費,48085,確定請求,2023-12,2024-01,2023-12-24T00:00:00,2023-12-27T00:00:00,協力業者B社
CST-01799,PRJ-0181,外注費,25018,確定請求,2023-12,2024-01,2023-12-18T00:00:00,2023-12-18T00:00:00,協力業者P社
CST-01800,PRJ-0017,経費,53809,確定請求,2025-09,2025-10,2025-09-06T00:00:00,2025-09-06T00:00:00,資材メーカーC
CST-01801,PRJ-0088,材料費,62131,確定請求,2025-06,2025-07,2025-06-13T00:00:00,2025-06-15T00:00:00,資材メーカーA
CST-01802,PRJ-0066,材料費,8653,口頭発注,2025-10,2025-11,2025-10-17T00:00:00,,協力業者O社
CST-01803,PRJ-0073,材料費,8476,確定請求,2026-03,2026-04,2026-04-10T00:00:00,2026-04-10T00:00:00,資材メーカーG
CST-01804,PRJ-0065,労務費,49182,確定請求,2025-11,2025-12,2025-11-20T00:00:00,2025-11-24T00:00:00,協力業者D社
CST-01805,PRJ-0118,外注費,10206,確定請求,2025-02,2025-03,2025-02-28T00:00:00,2025-02-28T00:00:00,協力業者T社
CST-01806,PRJ-0124,材料費,83143,口頭発注,2025-03,2025-04,2025-04-01T00:00:00,,協力業者G社
CST-01807,PRJ-0029,外注費,7439,確定請求,2024-08,2024-09,2024-09-03T00:00:00,2024-09-05T00:00:00,資材メーカーF
CST-01808,PRJ-0085,経費,11832,現場見込み,2023-10,2023-11,2023-11-09T00:00:00,,資材メーカーB
CST-01809,PRJ-0188,外注費,60039,確定請求,2027-03,2027-04,2027-04-01T00:00:00,2027-04-02T00:00:00,協力業者E社
CST-01810,PRJ-0164,外注費,230739,確定請求,2025-12,2026-01,2025-12-12T00:00:00,2025-12-13T00:00:00,協力業者B社
CST-01811,PRJ-0004,材料費,6807,確定請求,2024-12,2025-01,2024-12-23T00:00:00,2024-12-25T00:00:00,協力業者C社
CST-01812,PRJ-0187,外注費,29649,確定請求,2025-07,2025-08,2025-07-23T00:00:00,2025-07-24T00:00:00,資材メーカーE
CST-01813,PRJ-0160,材料費,4934,現場見込み,2026-05,2026-06,2026-05-20T00:00:00,,協力業者R社
CST-01814,PRJ-0091,外注費,20737,確定請求,2024-08,2024-09,2024-08-25T00:00:00,2024-08-25T00:00:00,協力業者H社
CST-01815,PRJ-0026,経費,10315,確定請求,2026-01,2026-02,2026-01-24T00:00:00,2026-01-27T00:00:00,協力業者D社
CST-01816,PRJ-0071,経費,70436,確定請求,2024-11,2024-12,2024-11-02T00:00:00,2024-11-05T00:00:00,協力業者F社
CST-01817,PRJ-0037,外注費,36625,現場見込み,2024-08,2024-09,2024-08-29T00:00:00,,協力業者A社
CST-01818,PRJ-0038,外注費,94995,確定請求,2023-09,2023-10,2023-09-03T00:00:00,2023-09-08T00:00:00,資材メーカーJ
CST-01819,PRJ-0084,外注費,27952,口頭発注,2026-01,2026-02,2026-01-31T00:00:00,,資材メーカーI
CST-01820,PRJ-0086,外注費,91097,確定請求,2024-04,2024-05,2024-05-06T00:00:00,2024-05-11T00:00:00,資材メーカーC
CST-01821,PRJ-0094,外注費,2309,口頭発注,2023-10,2023-11,2023-10-13T00:00:00,,協力業者G社
CST-01822,PRJ-0054,材料費,35306,確定請求,2024-10,2024-11,2024-10-28T00:00:00,2024-10-31T00:00:00,協力業者Q社
CST-01823,PRJ-0093,材料費,14035,確定請求,2023-10,2023-11,2023-10-15T00:00:00,2023-10-20T00:00:00,協力業者F社
CST-01824,PRJ-0033,外注費,71099,確定請求,2023-11,2023-12,2023-12-03T00:00:00,2023-12-08T00:00:00,協力業者T社
CST-01825,PRJ-0024,材料費,95492,確定請求,2026-05,2026-06,2026-05-11T00:00:00,2026-05-16T00:00:00,協力業者T社
CST-01826,PRJ-0128,材料費,58579,確定請求,2024-06,2024-07,2024-06-18T00:00:00,2024-06-18T00:00:00,協力業者L社
CST-01827,PRJ-0050,外注費,43071,確定請求,2024-08,2024-09,2024-08-11T00:00:00,2024-08-11T00:00:00,協力業者H社
CST-01828,PRJ-0064,外注費,40422,現場見込み,2024-12,2025-01,2025-01-03T00:00:00,,協力業者D社
CST-01829,PRJ-0016,材料費,14209,確定請求,2026-09,2026-10,2026-10-06T00:00:00,2026-10-10T00:00:00,資材メーカーH
CST-01830,PRJ-0042,材料費,39180,口頭発注,2025-12,2026-01,2026-01-03T00:00:00,,協力業者O社
CST-01831,PRJ-0033,材料費,48866,確定請求,2024-01,2024-02,2024-02-03T00:00:00,2024-02-03T00:00:00,協力業者B社
CST-01832,PRJ-0162,材料費,38220,確定請求,2025-04,2025-05,2025-04-23T00:00:00,2025-04-26T00:00:00,資材メーカーB
CST-01833,PRJ-0091,労務費,17887,口頭発注,2024-04,2024-05,2024-04-04T00:00:00,,協力業者F社
CST-01834,PRJ-0189,外注費,18144,確定請求,2025-11,2025-12,2025-11-24T00:00:00,2025-11-26T00:00:00,資材メーカーA
CST-01835,PRJ-0146,経費,91836,確定請求,2026-03,2026-04,2026-04-01T00:00:00,2026-04-03T00:00:00,協力業者N社
CST-01836,PRJ-0158,経費,30563,口頭発注,2026-12,2027-01,2026-12-22T00:00:00,,資材メーカーF
CST-01837,PRJ-0051,労務費,84442,確定請求,2025-03,2025-04,2025-03-11T00:00:00,2025-03-15T00:00:00,協力業者D社
CST-01838,PRJ-0196,外注費,9851,現場見込み,2026-01,2026-02,2026-01-09T00:00:00,,協力業者F社
CST-01839,PRJ-0080,労務費,21953,現場見込み,2025-11,2025-12,2025-11-06T00:00:00,,協力業者Q社
CST-01840,PRJ-0113,労務費,82841,口頭発注,2024-07,2024-08,2024-07-29T00:00:00,,資材メーカーI
CST-01841,PRJ-0104,外注費,55541,口頭発注,2025-11,2025-12,2025-11-22T00:00:00,,協力業者O社
CST-01842,PRJ-0184,外注費,41472,現場見込み,2025-11,2025-12,2025-11-10T00:00:00,,協力業者K社
CST-01843,PRJ-0117,材料費,63559,確定請求,2024-01,2024-02,2024-01-19T00:00:00,2024-01-20T00:00:00,資材メーカーD
CST-01844,PRJ-0186,材料費,29143,確定請求,2025-06,2025-07,2025-06-07T00:00:00,2025-06-08T00:00:00,協力業者D社
CST-01845,PRJ-0027,経費,70561,確定請求,2025-11,2025-12,2025-11-12T00:00:00,2025-11-13T00:00:00,協力業者H社
CST-01846,PRJ-0018,労務費,19433,現場見込み,2024-11,2024-12,2024-12-03T00:00:00,,資材メーカーI
CST-01847,PRJ-0175,労務費,85673,口頭発注,2024-11,2024-12,2024-11-11T00:00:00,,協力業者P社
CST-01848,PRJ-0023,労務費,98195,確定請求,2026-09,2026-10,2026-10-05T00:00:00,2026-10-06T00:00:00,協力業者B社
CST-01849,PRJ-0197,労務費,27300,確定請求,2024-03,2024-04,2024-03-26T00:00:00,2024-03-29T00:00:00,資材メーカーJ
CST-01850,PRJ-0108,経費,62140,現場見込み,2023-10,2023-11,2023-11-01T00:00:00,,協力業者M社
CST-01851,PRJ-0190,外注費,50538,現場見込み,2024-09,2024-10,2024-10-04T00:00:00,,協力業者O社
CST-01852,PRJ-0009,外注費,28925,確定請求,2023-10,2023-11,2023-10-30T00:00:00,2023-10-31T00:00:00,協力業者L社
CST-01853,PRJ-0142,材料費,45155,確定請求,2023-08,2023-09,2023-08-26T00:00:00,2023-08-31T00:00:00,協力業者E社
CST-01854,PRJ-0111,材料費,75082,確定請求,2023-08,2023-09,2023-08-13T00:00:00,2023-08-13T00:00:00,協力業者I社
CST-01855,PRJ-0021,外注費,27188,現場見込み,2025-10,2025-11,2025-10-30T00:00:00,,協力業者O社
CST-01856,PRJ-0179,材料費,73737,確定請求,2025-05,2025-06,2025-05-22T00:00:00,2025-05-23T00:00:00,資材メーカーE
CST-01857,PRJ-0105,材料費,42274,現場見込み,2024-04,2024-05,2024-05-03T00:00:00,,協力業者T社
CST-01858,PRJ-0085,外注費,13031,口頭発注,2024-07,2024-08,2024-07-24T00:00:00,,協力業者T社
CST-01859,PRJ-0010,外注費,34483,確定請求,2024-08,2024-09,2024-08-26T00:00:00,2024-08-30T00:00:00,協力業者C社
CST-01860,PRJ-0105,経費,36512,現場見込み,2024-08,2024-09,2024-08-11T00:00:00,,資材メーカーH
CST-01861,PRJ-0051,外注費,99486,確定請求,2025-12,2026-01,2025-12-23T00:00:00,2025-12-25T00:00:00,協力業者P社
CST-01862,PRJ-0160,労務費,5526,確定請求,2025-05,2025-06,2025-05-25T00:00:00,2025-05-30T00:00:00,資材メーカーD
CST-01863,PRJ-0199,労務費,67391,現場見込み,2025-08,2025-09,2025-09-05T00:00:00,,協力業者H社
CST-01864,PRJ-0108,外注費,53995,確定請求,2024-07,2024-08,2024-07-18T00:00:00,2024-07-22T00:00:00,協力業者S社
CST-01865,PRJ-0019,材料費,6577,確定請求,2023-11,2023-12,2023-11-29T00:00:00,2023-11-29T00:00:00,資材メーカーJ
CST-01866,PRJ-0133,労務費,62292,確定請求,2026-03,2026-04,2026-03-08T00:00:00,2026-03-11T00:00:00,協力業者B社
CST-01867,PRJ-0038,外注費,142690,現場見込み,2024-02,2024-03,2024-02-22T00:00:00,,協力業者B社
CST-01868,PRJ-0020,外注費,20816,確定請求,2025-10,2025-11,2025-10-28T00:00:00,2025-11-02T00:00:00,協力業者M社
CST-01869,PRJ-0055,外注費,23105,口頭発注,2023-07,2023-08,2023-07-26T00:00:00,,協力業者O社
CST-01870,PRJ-0092,外注費,47468,確定請求,2024-01,2024-02,2024-01-12T00:00:00,2024-01-12T00:00:00,協力業者C社
CST-01871,PRJ-0022,外注費,56426,確定請求,2024-10,2024-11,2024-11-01T00:00:00,2024-11-03T00:00:00,協力業者G社
CST-01872,PRJ-0074,材料費,6829,現場見込み,2024-11,2024-12,2024-11-30T00:00:00,,協力業者H社
CST-01873,PRJ-0060,材料費,116610,確定請求,2023-09,2023-10,2023-09-26T00:00:00,2023-09-27T00:00:00,協力業者P社
CST-01874,PRJ-0111,労務費,57838,確定請求,2024-09,2024-10,2024-10-02T00:00:00,2024-10-07T00:00:00,資材メーカーH
CST-01875,PRJ-0038,外注費,115288,確定請求,2023-06,2023-07,2023-06-22T00:00:00,2023-06-23T00:00:00,協力業者O社
CST-01876,PRJ-0043,外注費,3459,確定請求,2024-12,2025-01,2024-12-30T00:00:00,2025-01-04T00:00:00,協力業者F社
CST-01877,PRJ-0015,労務費,31298,確定請求,2024-02,2024-03,2024-03-01T00:00:00,2024-03-06T00:00:00,資材メーカーC
CST-01878,PRJ-0056,材料費,111405,確定請求,2025-11,2025-12,2025-11-09T00:00:00,2025-11-13T00:00:00,協力業者M社
CST-01879,PRJ-0148,材料費,26102,口頭発注,2026-01,2026-02,2026-01-27T00:00:00,,協力業者J社
CST-01880,PRJ-0181,材料費,27803,確定請求,2024-04,2024-05,2024-04-25T00:00:00,2024-04-29T00:00:00,資材メーカーC
CST-01881,PRJ-0089,材料費,89450,確定請求,2025-08,2025-09,2025-08-06T00:00:00,2025-08-11T00:00:00,資材メーカーF
CST-01882,PRJ-0162,外注費,42103,確定請求,2025-02,2025-03,2025-02-10T00:00:00,2025-02-15T00:00:00,協力業者T社
CST-01883,PRJ-0069,労務費,84544,確定請求,2024-06,2024-07,2024-06-16T00:00:00,2024-06-16T00:00:00,協力業者Q社
CST-01884,PRJ-0199,材料費,79148,確定請求,2025-04,2025-05,2025-04-19T00:00:00,2025-04-22T00:00:00,協力業者M社
CST-01885,PRJ-0020,労務費,14748,確定請求,2024-06,2024-07,2024-06-11T00:00:00,2024-06-12T00:00:00,協力業者L社
CST-01886,PRJ-0007,経費,64063,確定請求,2026-06,2026-07,2026-06-03T00:00:00,2026-06-07T00:00:00,協力業者R社
CST-01887,PRJ-0175,労務費,100271,確定請求,2025-09,2025-10,2025-09-27T00:00:00,2025-09-28T00:00:00,資材メーカーE
CST-01888,PRJ-0133,材料費,51193,確定請求,2025-12,2026-01,2025-12-21T00:00:00,2025-12-21T00:00:00,協力業者H社
CST-01889,PRJ-0072,労務費,70646,確定請求,2026-08,2026-09,2026-08-28T00:00:00,2026-09-02T00:00:00,資材メーカーD
CST-01890,PRJ-0155,材料費,45026,確定請求,2024-03,2024-04,2024-03-08T00:00:00,2024-03-10T00:00:00,資材メーカーE
CST-01891,PRJ-0137,材料費,42232,確定請求,2024-06,2024-07,2024-06-29T00:00:00,2024-07-03T00:00:00,資材メーカーI
CST-01892,PRJ-0066,経費,5121,確定請求,2026-09,2026-10,2026-09-07T00:00:00,2026-09-07T00:00:00,協力業者I社
CST-01893,PRJ-0104,外注費,59625,確定請求,2025-08,2025-09,2025-08-23T00:00:00,2025-08-26T00:00:00,協力業者L社
CST-01894,PRJ-0169,外注費,55607,確定請求,2024-11,2024-12,2024-12-01T00:00:00,2024-12-04T00:00:00,協力業者Q社
CST-01895,PRJ-0164,材料費,111983,確定請求,2025-11,2025-12,2025-11-13T00:00:00,2025-11-15T00:00:00,協力業者R社
CST-01896,PRJ-0069,外注費,47005,確定請求,2024-12,2025-01,2025-01-05T00:00:00,2025-01-10T00:00:00,協力業者T社
CST-01897,PRJ-0095,外注費,65219,確定請求,2026-04,2026-05,2026-04-05T00:00:00,2026-04-06T00:00:00,資材メーカーF
CST-01898,PRJ-0098,労務費,58278,確定請求,2026-07,2026-08,2026-07-25T00:00:00,2026-07-28T00:00:00,協力業者C社
CST-01899,PRJ-0075,経費,41160,現場見込み,2026-04,2026-05,2026-04-07T00:00:00,,協力業者F社
CST-01900,PRJ-0063,労務費,126571,確定請求,2024-05,2024-06,2024-05-20T00:00:00,2024-05-22T00:00:00,協力業者D社
CST-01901,PRJ-0069,材料費,60412,確定請求,2024-07,2024-08,2024-07-12T00:00:00,2024-07-15T00:00:00,資材メーカーC
CST-01902,PRJ-0095,外注費,56656,確定請求,2024-09,2024-10,2024-09-29T00:00:00,2024-10-03T00:00:00,資材メーカーH
CST-01903,PRJ-0108,労務費,35804,確定請求,2025-01,2025-02,2025-02-02T00:00:00,2025-02-05T00:00:00,協力業者A社
CST-01904,PRJ-0071,外注費,69564,確定請求,2024-09,2024-10,2024-09-16T00:00:00,2024-09-19T00:00:00,協力業者R社
CST-01905,PRJ-0066,外注費,7695,口頭発注,2026-06,2026-07,2026-06-28T00:00:00,,協力業者N社
CST-01906,PRJ-0036,経費,25352,確定請求,2023-11,2023-12,2023-11-06T00:00:00,2023-11-06T00:00:00,協力業者J社
CST-01907,PRJ-0042,外注費,27192,確定請求,2025-11,2025-12,2025-11-13T00:00:00,2025-11-17T00:00:00,資材メーカーH
CST-01908,PRJ-0198,材料費,66466,現場見込み,2026-03,2026-04,2026-04-01T00:00:00,,協力業者K社
CST-01909,PRJ-0084,材料費,38516,確定請求,2026-01,2026-02,2026-01-17T00:00:00,2026-01-20T00:00:00,協力業者K社
CST-01910,PRJ-0040,外注費,16661,確定請求,2024-11,2024-12,2024-11-18T00:00:00,2024-11-22T00:00:00,資材メーカーB
CST-01911,PRJ-0032,労務費,24357,確定請求,2026-01,2026-02,2026-01-22T00:00:00,2026-01-26T00:00:00,協力業者O社
CST-01912,PRJ-0182,労務費,53494,確定請求,2023-06,2023-07,2023-07-04T00:00:00,2023-07-05T00:00:00,資材メーカーI
CST-01913,PRJ-0114,材料費,18515,確定請求,2025-03,2025-04,2025-03-21T00:00:00,2025-03-23T00:00:00,協力業者H社
CST-01914,PRJ-0073,外注費,11367,確定請求,2026-07,2026-08,2026-07-31T00:00:00,2026-08-01T00:00:00,資材メーカーE
CST-01915,PRJ-0015,外注費,30622,確定請求,2024-02,2024-03,2024-02-09T00:00:00,2024-02-10T00:00:00,協力業者J社
CST-01916,PRJ-0059,材料費,13459,口頭発注,2024-03,2024-04,2024-03-30T00:00:00,,資材メーカーJ
CST-01917,PRJ-0160,材料費,5151,確定請求,2026-11,2026-12,2026-11-06T00:00:00,2026-11-07T00:00:00,協力業者J社
CST-01918,PRJ-0185,材料費,67088,現場見込み,2025-12,2026-01,2026-01-02T00:00:00,,協力業者F社
CST-01919,PRJ-0143,外注費,37019,確定請求,2023-12,2024-01,2023-12-09T00:00:00,2023-12-13T00:00:00,協力業者B社
CST-01920,PRJ-0075,材料費,49570,確定請求,2025-03,2025-04,2025-03-08T00:00:00,2025-03-10T00:00:00,協力業者O社
CST-01921,PRJ-0072,外注費,51516,確定請求,2025-10,2025-11,2025-10-30T00:00:00,2025-11-04T00:00:00,協力業者G社
CST-01922,PRJ-0085,材料費,14707,現場見込み,2023-09,2023-10,2023-09-22T00:00:00,,資材メーカーB
CST-01923,PRJ-0077,材料費,60014,確定請求,2024-07,2024-08,2024-08-01T00:00:00,2024-08-04T00:00:00,協力業者E社
CST-01924,PRJ-0143,材料費,21963,確定請求,2025-02,2025-03,2025-02-17T00:00:00,2025-02-19T00:00:00,協力業者F社
CST-01925,PRJ-0029,材料費,7699,確定請求,2024-01,2024-02,2024-01-20T00:00:00,2024-01-23T00:00:00,資材メーカーJ
CST-01926,PRJ-0044,外注費,4303,確定請求,2024-09,2024-10,2024-09-11T00:00:00,2024-09-14T00:00:00,資材メーカーE
CST-01927,PRJ-0042,外注費,30657,確定請求,2026-06,2026-07,2026-07-02T00:00:00,2026-07-02T00:00:00,協力業者K社
CST-01928,PRJ-0164,労務費,214171,確定請求,2025-11,2025-12,2025-11-28T00:00:00,2025-11-30T00:00:00,協力業者R社
CST-01929,PRJ-0163,材料費,41480,確定請求,2025-01,2025-02,2025-01-07T00:00:00,2025-01-11T00:00:00,協力業者P社
CST-01930,PRJ-0128,外注費,51418,現場見込み,2025-06,2025-07,2025-06-30T00:00:00,,協力業者E社
CST-01931,PRJ-0104,経費,54178,確定請求,2025-11,2025-12,2025-11-22T00:00:00,2025-11-24T00:00:00,資材メーカーJ
CST-01932,PRJ-0136,外注費,64787,確定請求,2025-10,2025-11,2025-10-29T00:00:00,2025-10-29T00:00:00,協力業者D社
CST-01933,PRJ-0066,経費,6519,確定請求,2025-11,2025-12,2025-11-28T00:00:00,2025-11-28T00:00:00,資材メーカーB
CST-01934,PRJ-0091,外注費,19289,確定請求,2024-06,2024-07,2024-06-16T00:00:00,2024-06-20T00:00:00,協力業者A社
CST-01935,PRJ-0004,外注費,6703,確定請求,2024-10,2024-11,2024-10-29T00:00:00,2024-10-29T00:00:00,協力業者O社
CST-01936,PRJ-0169,材料費,49179,確定請求,2024-10,2024-11,2024-10-25T00:00:00,2024-10-30T00:00:00,協力業者B社
CST-01937,PRJ-0126,外注費,57585,確定請求,2025-07,2025-08,2025-07-28T00:00:00,2025-07-29T00:00:00,協力業者S社
CST-01938,PRJ-0145,外注費,57822,確定請求,2026-01,2026-02,2026-02-01T00:00:00,2026-02-01T00:00:00,協力業者G社
CST-01939,PRJ-0121,外注費,85954,確定請求,2024-06,2024-07,2024-06-20T00:00:00,2024-06-25T00:00:00,資材メーカーH
CST-01940,PRJ-0134,外注費,42261,現場見込み,2024-05,2024-06,2024-06-08T00:00:00,,協力業者C社
CST-01941,PRJ-0135,外注費,7289,口頭発注,2025-06,2025-07,2025-06-09T00:00:00,,協力業者G社
CST-01942,PRJ-0041,外注費,68765,確定請求,2026-05,2026-06,2026-06-06T00:00:00,2026-06-10T00:00:00,協力業者T社
CST-01943,PRJ-0025,外注費,6391,確定請求,2026-01,2026-02,2026-02-03T00:00:00,2026-02-06T00:00:00,資材メーカーJ
CST-01944,PRJ-0195,材料費,8773,確定請求,2026-03,2026-04,2026-03-25T00:00:00,2026-03-27T00:00:00,資材メーカーC
CST-01945,PRJ-0143,経費,32307,現場見込み,2024-09,2024-10,2024-09-05T00:00:00,,協力業者L社
CST-01946,PRJ-0020,材料費,18087,確定請求,2025-02,2025-03,2025-02-16T00:00:00,2025-02-18T00:00:00,協力業者L社
CST-01947,PRJ-0034,外注費,29685,口頭発注,2024-12,2025-01,2025-01-09T00:00:00,,資材メーカーH
CST-01948,PRJ-0102,材料費,107078,確定請求,2024-04,2024-05,2024-04-16T00:00:00,2024-04-21T00:00:00,協力業者G社
CST-01949,PRJ-0060,材料費,94091,確定請求,2024-04,2024-05,2024-04-20T00:00:00,2024-04-22T00:00:00,資材メーカーF
CST-01950,PRJ-0016,外注費,10814,確定請求,2026-03,2026-04,2026-03-15T00:00:00,2026-03-20T00:00:00,資材メーカーF
CST-01951,PRJ-0038,労務費,101704,現場見込み,2023-12,2024-01,2024-01-10T00:00:00,,協力業者E社
CST-01952,PRJ-0087,材料費,34202,確定請求,2024-08,2024-09,2024-08-28T00:00:00,2024-08-30T00:00:00,協力業者E社
CST-01953,PRJ-0195,労務費,8370,確定請求,2027-02,2027-03,2027-02-25T00:00:00,2027-02-27T00:00:00,資材メーカーH
CST-01954,PRJ-0030,材料費,76709,確定請求,2024-06,2024-07,2024-06-25T00:00:00,2024-06-28T00:00:00,資材メーカーJ
CST-01955,PRJ-0049,材料費,86842,確定請求,2024-03,2024-04,2024-03-15T00:00:00,2024-03-20T00:00:00,協力業者A社
CST-01956,PRJ-0076,外注費,56562,確定請求,2024-11,2024-12,2024-11-19T00:00:00,2024-11-23T00:00:00,協力業者N社
CST-01957,PRJ-0099,材料費,45939,確定請求,2026-03,2026-04,2026-03-25T00:00:00,2026-03-26T00:00:00,資材メーカーC
CST-01958,PRJ-0167,労務費,7210,口頭発注,2025-12,2026-01,2025-12-30T00:00:00,,協力業者F社
CST-01959,PRJ-0121,労務費,66480,確定請求,2024-04,2024-05,2024-04-18T00:00:00,2024-04-18T00:00:00,協力業者R社
CST-01960,PRJ-0049,材料費,139779,確定請求,2024-10,2024-11,2024-10-23T00:00:00,2024-10-25T00:00:00,資材メーカーG
CST-01961,PRJ-0153,外注費,43183,確定請求,2025-05,2025-06,2025-05-30T00:00:00,2025-05-31T00:00:00,協力業者R社
CST-01962,PRJ-0063,材料費,68350,確定請求,2024-04,2024-05,2024-04-22T00:00:00,2024-04-23T00:00:00,資材メーカーF
CST-01963,PRJ-0149,労務費,3353,確定請求,2024-07,2024-08,2024-07-14T00:00:00,2024-07-14T00:00:00,協力業者J社
CST-01964,PRJ-0163,経費,68123,確定請求,2024-12,2025-01,2024-12-28T00:00:00,2024-12-31T00:00:00,協力業者N社
CST-01965,PRJ-0120,外注費,60741,確定請求,2025-09,2025-10,2025-09-30T00:00:00,2025-10-02T00:00:00,協力業者A社
CST-01966,PRJ-0012,外注費,35857,確定請求,2025-04,2025-05,2025-04-29T00:00:00,2025-05-04T00:00:00,協力業者C社
CST-01967,PRJ-0015,材料費,27526,口頭発注,2024-02,2024-03,2024-02-11T00:00:00,,協力業者S社
CST-01968,PRJ-0056,外注費,158792,確定請求,2026-05,2026-06,2026-05-14T00:00:00,2026-05-19T00:00:00,資材メーカーH
CST-01969,PRJ-0018,外注費,26418,確定請求,2025-03,2025-04,2025-03-14T00:00:00,2025-03-16T00:00:00,資材メーカーC
CST-01970,PRJ-0107,労務費,71111,確定請求,2023-10,2023-11,2023-10-11T00:00:00,2023-10-12T00:00:00,資材メーカーH
CST-01971,PRJ-0185,外注費,83013,確定請求,2025-11,2025-12,2025-11-16T00:00:00,2025-11-19T00:00:00,協力業者E社
CST-01972,PRJ-0122,労務費,55747,確定請求,2026-05,2026-06,2026-05-06T00:00:00,2026-05-08T00:00:00,資材メーカーC
CST-01973,PRJ-0174,外注費,84162,確定請求,2024-03,2024-04,2024-03-12T00:00:00,2024-03-14T00:00:00,協力業者B社
CST-01974,PRJ-0125,外注費,62330,現場見込み,2024-03,2024-04,2024-03-08T00:00:00,,資材メーカーA
CST-01975,PRJ-0014,外注費,30560,確定請求,2025-08,2025-09,2025-08-18T00:00:00,2025-08-22T00:00:00,協力業者J社
CST-01976,PRJ-0024,材料費,82550,現場見込み,2026-09,2026-10,2026-10-01T00:00:00,,資材メーカーJ
CST-01977,PRJ-0119,外注費,87168,現場見込み,2024-04,2024-05,2024-04-16T00:00:00,,協力業者G社
CST-01978,PRJ-0083,外注費,39941,確定請求,2023-06,2023-07,2023-06-16T00:00:00,2023-06-20T00:00:00,協力業者T社
CST-01979,PRJ-0169,材料費,69902,確定請求,2024-10,2024-11,2024-10-20T00:00:00,2024-10-25T00:00:00,資材メーカーH
CST-01980,PRJ-0078,材料費,34198,確定請求,2025-05,2025-06,2025-05-30T00:00:00,2025-05-30T00:00:00,協力業者I社
CST-01981,PRJ-0099,労務費,40992,口頭発注,2025-11,2025-12,2025-11-25T00:00:00,,資材メーカーG
CST-01982,PRJ-0092,外注費,91613,現場見込み,2023-09,2023-10,2023-09-17T00:00:00,,協力業者E社
CST-01983,PRJ-0095,外注費,39366,確定請求,2025-02,2025-03,2025-02-14T00:00:00,2025-02-17T00:00:00,協力業者L社
CST-01984,PRJ-0087,外注費,27082,確定請求,2025-01,2025-02,2025-01-04T00:00:00,2025-01-04T00:00:00,資材メーカーJ
CST-01985,PRJ-0183,経費,94017,確定請求,2026-03,2026-04,2026-03-20T00:00:00,2026-03-21T00:00:00,協力業者E社
CST-01986,PRJ-0109,労務費,2716,現場見込み,2025-06,2025-07,2025-07-06T00:00:00,,協力業者G社
CST-01987,PRJ-0088,材料費,48089,現場見込み,2026-06,2026-07,2026-06-18T00:00:00,,資材メーカーH
CST-01988,PRJ-0125,材料費,49613,口頭発注,2024-07,2024-08,2024-08-01T00:00:00,,協力業者R社
CST-01989,PRJ-0180,材料費,17635,現場見込み,2026-10,2026-11,2026-10-16T00:00:00,,協力業者O社
CST-01990,PRJ-0126,外注費,55754,確定請求,2025-06,2025-07,2025-06-12T00:00:00,2025-06-12T00:00:00,資材メーカーG
CST-01991,PRJ-0176,経費,41638,確定請求,2025-04,2025-05,2025-04-21T00:00:00,2025-04-26T00:00:00,協力業者L社
CST-01992,PRJ-0002,労務費,50317,確定請求,2025-06,2025-07,2025-06-20T00:00:00,2025-06-24T00:00:00,協力業者E社
CST-01993,PRJ-0050,労務費,52038,確定請求,2024-07,2024-08,2024-07-26T00:00:00,2024-07-27T00:00:00,資材メーカーE
CST-01994,PRJ-0164,労務費,146954,確定請求,2025-11,2025-12,2025-11-05T00:00:00,2025-11-10T00:00:00,協力業者J社
CST-01995,PRJ-0183,労務費,103365,確定請求,2025-11,2025-12,2025-12-02T00:00:00,2025-12-07T00:00:00,協力業者H社
CST-01996,PRJ-0054,外注費,28468,現場見込み,2024-06,2024-07,2024-06-14T00:00:00,,資材メーカーC
CST-01997,PRJ-0004,外注費,6632,現場見込み,2024-12,2025-01,2024-12-11T00:00:00,,協力業者E社
CST-01998,PRJ-0038,材料費,114425,現場見込み,2023-08,2023-09,2023-08-14T00:00:00,,協力業者C社
CST-01999,PRJ-0072,材料費,80345,現場見込み,2025-08,2025-09,2025-08-09T00:00:00,,協力業者C社
CST-02000,PRJ-0126,材料費,76153,確定請求,2026-05,2026-06,2026-05-19T00:00:00,2026-05-19T00:00:00,協力業者P社
